review,actual_sentiment,predicted_sentiment,positive_probability,correct,confidence
this is a great movie i love the series on tv and so i loved the movie one of the best things in the movie is that finally admits her deepest darkest secret to arnold that was great i loved it it was pretty funny too it's a great movie,0,1,0.994188,False,0.994188
this film got terrible reviews but because it was offbeat and because critics don't usually get offbeat films i thought i'd give it a try unfortunately they were largely right in this instance br br the film just has an awkward feel too it that is most off putting the sort of feel that is impossible to describe but it's not a good one to further things the script is a dull thing that is only vaguely interesting br br the immensely talented thurman just through this mess creating barely an impact hurt and try in vain to add something to the film with enthusiastic performance but there is nothing in the script it may have been less embarrassing for them if they had merely chosen to drift and get it over with like thurman br br one thing the film critics did fail to mention however is that the film is actually quite funny whether it be moments of accurate satire or some outrageously weird moments like when the in question chase hurt off their ranch with the smell of their front br br because of the throughout while i wouldn't recommend this film there is entertainment to be had and watching even get the blues is worthwhile for something different,1,0,0.007836574,False,0.9921634
actually i'll admit i'm a political so this with me but the nature of ms green yes i know what they did to her but the ending was such a and totally inconsistent with the film itself br br why can't barry l and crew just left us wondering what he was going to do let us debate it br br instead they have this oh i'm not worthy ending and it just shows that when the were down it's better to leave the table instead of down stop the disney ending and putting a bow on it life isn't easy they should have had the courage to give the main character some br br we had to listen to the the entire movie and then it turned and the stupid inane behavior by ms green when the crap was out of her system just made for a ridiculous near end of the movie that was on the cake,1,0,0.011400725,False,0.9885993
lois film was and still kind of is a very bold and daring film i enjoyed it and was very impressed by the filming and story of it the priest sees the of the people in his church and tries to show them the naked truth the people are appalled when he reveals the naked statue portraying truth after failing to lead them to it and the few that did help along the way the people do not want to face the truth that they are doing anything wrong but it shows them putting things before god going to beach parties acting inappropriate their ways and other things in which the people of our world do that tend to not be morally right in the end failing to gain any followers he must enter into the gates of heaven alone this film seems to me to be very bold in the fact that a naked woman is shown throughout it especially considering the time period in which this film was made the imagery and symbolism portrayed in this movie i found incredible the way they made the naked woman and using a naked woman to the naked truth shows a lot of creativity and art showing the different sins of the people as they walked down the road and refused to follow along the path each with different excuses and or higher was a great way of representing the people of today this film does a very good job of getting the moral message across to its audience lois has a tremendous way of capturing her attention with her creativity symbolism visuals and through even the music of the piano throughout this film is very beautiful and fitting with the whole theme,0,1,0.9877076,False,0.9877076
my sisters and my cousin female forced me to see this chick movie its not the kind of movie i would prefer to see but it really wasn't that bad i wouldn't want to see this movie but after watching it i couldn't say it was bad just not my kind of film it was very accurate in acting out what woman really talk about and do in certain situations as a guy i wasn't too amused by the jokes but man the women sure were they related to the movie and yeah it was funny to see themselves on the big screen oh em gee i do that to haha i've never seen the original nor would i care to if you are a girl this is a must see but maybe girls would say this movie sucked probably i don't see a year old going wow i remember going threw that when i was br br no man would have this in there collection but i can't say it was horrible so,1,0,0.01724719,False,0.9827528
i recently saw the broadway revival of spirit starring angela lansbury rupert everett christine and it's a terrific production and shows what good actors can do with a play that is less than perfect angela lansbury is extremely funny as br br it was probably a mistake then to check out the film version of the play starring rex harrison the movie does not have the energy or the laughs of a good stage production br br spirit is probably one of those plays that works better with a live cast in an audience full of people who have come to laugh the actors can give touches and nuances to their performance and delivery of the lines and involve the audience on a personal level that you can't get in a movie house or with a dvd showing where the audience is separated from the story by the fourth wall the story charles rex harrison a successful writer lives with his wife ruth in a house in the english countryside seeking information for his next book a book dealing with the supernatural charles invites margaret her role from the original london production a local spiritual medium over to his house to conduct a charles believes that is a but hopes to pick up the tricks of the trade but then brings back the ghost of elvira first wife who died of seven years ago elvira refuses to leave and develops a spitting rivalry with ruth over charles complicated by the fact that only charles can see or hear elvira br br on stage the actors can give performances that invite laughs in this situation but on the screen the actors in spirit tear through the lines as if they don't know that anyone is listening to them they lines that were designed to get laughs on the stage the performances by harrison and even are flat and lifeless only margaret seems to have her spark and humor as br br the oscar winning visual effects in the film are unimpressive not just by today's standards but by the standards of they consist mostly of walking around in green outfits and makeup being photographed in special lighting to make her look like a glowing ghost br br the cinematographer deserves some credit for creative lighting but compare the dull visual effects of spirit to the truly groundbreaking effects in disney's song of the south which was for awards the same year in south humans and animated characters share the screen for minutes at a time compared to south the oscar that spirit received for special effects was completely br br at any rate i can only encourage you to catch the broadway revival of this play with angela lansbury before it as for the movie with rex harrison skip it,0,1,0.98147696,False,0.98147696
okay yes this was a very tight budget movie with continuity errors like single scenes obviously filmed in sunshine and then in shadow and then mixed together and as much as i love nick he was often a little too good at the burnt out part and some of the minor supporting cast was really bad plus at least one actor was used for two different but roles but come on richard was hysterical his hair alone is worth the trip steven ford was very likable had some great lines while nancy allen ironically was completely bland and uninteresting classic no bad parts yes entertaining big yes i would have loved to have been on set the day they decided what kind of would have are you fast that fast,1,0,0.018628934,False,0.98137105
i saw this movie when mystery science theater ran it in it is the worst thing i've ever seen so bad in fact that by sheer this movie must get a ten rating because it has to be seen to be believed br br whoever wrote this script with children in mind should be beaten i mean really the devil vs santa visions of hell creepy laughing wind up forced child labor with racial stereotypes it ain't street that's for sure as crow during the mst k showing this is good ol' fashioned nightmare fuel br br there's plenty of weird innuendo and screwed up presumably the hangs out with santa in his crazy castle in the clouds i e heaven santa talks about baby jesus and sends letters to mr for children who ask for siblings there are symbols around the castle that either look like or stars br br my best friend and i have watch it every year since and we subject anybody we can hold down for hours to watch it with us,1,0,0.020766879,False,0.97923315
i saw this movie with hopes of a good laugh but when i watched it i didn't stop laughing for weeks they are such bad actors and it made this movie so much funnier to watch btw ryan didn't eat the toy car he shoved it up his ass the random appearances from the and parts were great some no your are at the store i wouldn't recommend any one under to watch it frankly they wouldn't understand half of the jokes in or what they are talking about i love and after watching this movie i couldn't help but go buy it or the la series what is the deal with this stupid comment thing it has to be lines what kind of bull is that i should be able to write one as long or in this case as short as i want i'm just going to keep until it tells me i can actually send it its just a waste of time i expected to just say what i wanted it wasn't too much but then i'm told i have to keep putting more in and then it my spelling so what if i didn't spell something right you get what i mean still this is ridiculously long br br those who live by the sword get shot by those who don't,1,0,0.02272205,False,0.97727793
okay let's face it this is a god awful movie the plot such as it is is horrible the acting worse but the movie was made for one reason and one reason only like all of those awful mario lanza movies just to hear the voice of the star in this case pavarotti in his prime okay so maybe the lanza movies were also an excuse for him to hit on women but this movie is about hearing that alone is worth watching the movie a big opera star stuck on himself faces his fears finds and love along the way and out a lot of hit numbers too br br i must admit i'm on a number of levels i'm italian i'm a big pavarotti fan is there anything about pavarotti that isn't big including his fan base and when i first saw this movie i was going out on my own seeing the height and depth of life's possibilities and in love for the first time so as awful as this movie is the beautiful voice and memories are enough to make me breathe deep of life and love again br br yes it's corny and awful but the voice is immortal and timeless and the voice is what it's all about so i give this movie a high rating in hopes that someone who has never heard pavarotti before will listen and watch and enjoy a new level of music and love especially since he is now gone like italian food that you've never tried before try it you may be pleasantly surprised as a lover or pavarotti,1,0,0.022976981,False,0.977023
to confess having fantasies about brad pitt is a pretty tough admission for an to make but what can i tell you maybe is that famous extra something that everybody talks about and makes a star a star it crosses that it pulls you into unknown sensual and emotional territory brando had it in gary cooper james dean of course and in more recent times tom cruise jude law johnny ewan and billy women fell in love with garbo and audrey hepburn grace kelly marilyn monroe julie christie charlotte meryl streep vanessa redgrave julia roberts and very very recently natalie portman but brad pitt has the concept he is the only reason to go out get in the car find parking buy a ticket popcorn and get into a theatre to see if you liked epics in the darling style you may enjoy this but if you don't go all the same we want to keep brad pitt in business,0,1,0.97432613,False,0.97432613
given this film's incredible reviews i was expecting something truly exceptional it certainly starts well with witty and sharp dialogue and a fine cast in place a series of robert altman style stories reel the viewer in with some compelling scenes i found it gripping entertainment right through to the second half of the film when sadly it like a pack of cards a series of ludicrous and right on messages stack up until i'm left deeply disappointed and wondering what all the fuss is about paul has the subject of race in la and that alone seems to have this movie to a new level of interest given that most of the academy voters live in la and have experienced racism to some extent this film is sure to have an impact on them that means the oscar for best picture will go to the race movie or the gay movie let's hope it is the latter because mountain is a masterpiece that deserves recognition,0,1,0.97395927,False,0.97395927
this show is awesome and we have been enjoying it thoroughly set in i don't agree with the homosexual content on show i feel that you are pushing too hard to bring new york to its one thing to have a new struggling in the wild but to try to turn the town into new york this is a nice show about women and true men and to bring a same sex couple into the mix is throwing the balance way off should be portrayed as a man and new york as the woman i think the first shows have the perfect balance with what you all are doing can't we have a nice show without the of nature,0,1,0.97318316,False,0.97318316
i must say i thought i had seen it all i am an extremely jaded movie buff this movie didn't shock me by any means i'm way past that point but it did take me to certain emotional places i didn't know i could go to i had no idea i could ever find the idea of erotic never never never ever ever but there you go he did it i have to give the director credit he pulled it off br br for the first minutes this movie is a total bore we off with some very explicit footage of two horses having sex after five minutes of this i started wondering if buying this movie wasn't a mistake then an old guy in a wheelchair talks to some other old guy about two people getting married then some nervous guy then we see briefly a hot chick getting it on with a butler but this is very brief at this point i was the movie out loud while trying to stay awake in fact i fell asleep at about the minute mark and forced myself to finish it the next night br br we finally get the good stuff when a girl who knows who she is or who anyone is in this movie has a dream about a victorian era gal being by a beast thing in the forest the scene goes on for quite some time and is really the meat of the whole deal it's beautifully shot superbly edited and does deliver the goods they do try to wrap up the plot at the end and it sort of makes sense but sort of doesn't either oh well i would definitely recommend this film the first minutes made me want to shoot myself and my tv but the last minutes totally it,1,0,0.029817386,False,0.9701826
there are moments in the film that are so dreadful your teeth but knowing that there were only weeks left before the code made movies and bland paramount rushed this into production before innuendo and went out of style is so anti female that it's delicious as kitty sings women are displayed with price that would insult a hooker they emerge from in of absolute of the law so stupid they cannot find the door get to look up their and bare chorus girls sit in giant could they be a source of perhaps while we listen to sweet marijuana and watch as blood falls on a breast br br sure carl learned his lines and doesn't seem to have a clue what he is saying but it's all worth it as norma steals the show while no one is looking br br taking one moment of this fragile fluff seriously is missing the point of the whole exercise watch this with a member of now and prepare to justify the whole hollywood between body blows br br toby wing by the way is the on the cake and duke doesn't hurt either br br a must down memory lane,1,0,0.032991286,False,0.9670087
great cult flick for types richard is a mess bad hair even his dark glasses aren't right about as good as a bad flick can get actually that was pretty cool maybe spielberg should take a couple of notes from that one,1,0,0.03336144,False,0.96663857
sure it was well shot and made very well shot and made but the story was just so weak and the portrayal of lincoln was even weaker not that henry fonda wasn't good but the character he played was nothing but a do you mean to tell me that lincoln was a wise cracking smart ass with no respect of the law or the court i mean who the hell was he supposed to be cousin i mean come on i'll just call you jackass then i understand that ford was going for great funny hero guy but i didn't really like this guy at all he in sports talks like a real sweet and does not seem to know were to sit in a courtroom how am i supposed to take this seriously br br the twist was even weaker i mean come on that was just stupid the whole story seemed like it was thought up by some year old in his or her dreams saying that i liked it enough it was very entertaining and made me laugh at several occasions so i can't say it's a bad film in fact i must say that i must say it's good enough nothing that entertains me and makes me laugh can be bad but this vivid and silly story was just so ridiculous that i can't understand how anyone could consider it great br br i have no idea how historically accurate this film was but if any of it was true i would really have to shake my head,1,0,0.03541596,False,0.96458405
i enjoyed this series but felt that the whole thing was let down by the sound recording mixing br br for whatever reason they've had to employ an awful lot of what's called where the actors replace the original location sound with a re recording of it in a sound booth br br the reasons for doing this are usually due to problems at the location or because somebody screwed up somewhere in the sound production chain br br it wouldn't be so bad if the was done well but at times it's just plain distracting it's not just the that's the problem the sound mix just doesn't match up to the quality of performances and the pictures br br i'd be curious to know what went wrong,1,0,0.036669068,False,0.9633309
for those of you who've never heard of it or seen it on a e cracker is a brilliant british tv show about an overweight chain smoking psychologist named who helps the police department get into the heads of violent criminals it's considered to be one of the finest shows ever to come out of england and that's saying something and was tremendously successful in england and around the world back in br br now the original stars have re teamed with the original writer to knock out one more hour episode i've loved this show ever since i'd first seen it over a decade ago the dvd box set holds a place of honor in my collection and i can quote a good deal of scenes practically word for word the idea of with jimmy for another tv movie about filled me with absolute glee br br i'll with the good one of the many things that impressed me about the original cracker series was how quickly was defined as a character five minutes into the first episode with his lecture throwing the books into the air his drinking and his of the guy after him on the gambling machine and you knew simply knew who this character was you could feel him in your mind the kind of click that only happens when a great actor gets a great role written by a great writer br br of course remained great throughout the show but i always felt that some of the later episodes those not written by the character br br so the good news is this is back as soon as you see him in this show making incredibly inappropriate comments at his daughter's wedding you'll feel that click once again it's him one moment and truly sorry the next always insightful sincere to the point of but brilliantly funny in the process if you love this character as much as i do you'll be delighted with how he is portrayed in the movie and this to and mark in fact everything having to do with the is handled perfectly br br the problem i do have with this movie revolves around the crime is trying to solve in standard cracker fashion we know exactly who the criminal is in the first five minutes the suspense lies in seeing figure it out in this case we have a serial killer who is out for american blood and the reason for this unfortunately is not due to any believable psychological trauma rather it seems that the murders are here simply to allow the writer to display his personal political beliefs br br it's difficult for me to write this as i truly believe that jimmy is one of the greatest writers in the world nor do i have a problem with movies that are about current issues or movies that take a political stand but in the cracker universe we expect to see the characters behaving like human beings not like caricatures instead the americans in this movie are all depicted in an entirely stereotypical fashion they're know nothing who complain about everything treat the locals like crap and cheat on their wives one of them even manages to do all of the above within less than minutes i honestly thought i'd switched channels or something br br but it doesn't stop there we get constant of just how badly the war in iraq is going that have nothing whatsoever to do with the story and appear practically out of nowhere the killer is so busy about how bush is worse than hitler that he almost forgets to get on with the killing but more to the point he is such a for the writer's political views that he forgets to act like a believable human being and thus we as an audience don't buy his sudden transformation from a happy family man to a tortured serial killing soul br br i can't say that this ruined the show for me it's was still good tv better than almost everything else in the genre mainly due to once again but its constant made it impossible for it to be as good as the real cracker classics like to be a somebody an episode that was just as but one that was handled with far more subtlety and psychological depth br br two other small points not being around is a disappointment but what's worse are her the entire police department which for so long filled with such great characters is now full of vanilla completely cops who lack any and all personality how you could drain richard of personality is beyond me but it is indeed missing here br br also there are couple of moments where the show lost its believability for me one such instance revolves around having to narrow down the entire population of from million to a hundred based on some very strange french windows how does the computer know if i have french windows he not only succeeds in doing this but he succeeds in less than an hour i don't think so br br so all in all i was a little disappointed it's recommended viewing but remember to leave at least some of your expectations at the door still if there's new series to come after this it would all have been for the good i'm convinced that can still write great stuff and maybe now that he's got his politics out of his system he can go back to writing about people,0,1,0.96089,False,0.96089
china o'brien manhattan chase made this film enjoyable to watch and of course e this cute gal burned up the screen with her artistic abilities and hot sexy body china o'brien gets upset as a police officer and decides to call it and go back home to her hometown and get back to her roots and her dad who is the local sheriff her dad is getting older and the town has changed gangsters have taken over the town and started to get the local women to turning tricks and the city people were getting sick and tired of their town going to hell well you almost can guess what happens and you are right china o'brien fights back after great tragedy strikes her life bad acting through out the picture but brings this film to a wonderful conclusion,0,1,0.959173,False,0.959173
i love bad movies not only because they often are as entertaining as films like pirates of the series and other hollywood pathos but they often are far better than those films and that's the reason why i love italian rip off cinema of s and s and that's the reason why i especially love this movie the the company br br director has made some actually very good movies like house on the edge of the park and also his atlantis and live like a cop die like a man are enjoyable action movies but this is really bad the is so idiotic movie peter and david paul as the barbarian brothers and gore are very funny because of their lack of charisma and acting skills but if they can't act they yell and scream every time they do something important in one scene people try to hang the barbarian brothers and they escape very extraordinary way br br bad acting bad special effects very stupid story bad direction actually everything is bad in this movie i can't describe how much i laughed when i watched this first time the the company is camp classic everybody should see once if you thought plan from outer space is fun camp this will be a real killer,1,0,0.041411582,False,0.9585884
i do not think that this movie deserves the low rating that most will give it it's one of the best teenager horror films i've ever seen and that's saying a lot nothing is left without an explanation to back it up the characters and plot break countless horror movie stereotypes and it has got nothing to do with some other horrible pieces we've been to lately a clear example is the mindless saint the first minutes might be downright boring with the exception of the beginning although some minor light mistakes can be easily spotted after the arrival to the village though the horror a different twisted kind of horror begins br br with the plot and the details goofs are minor the characters are this movie's strongest point given that so many clich s are broken in it for example the two main male characters nick and are not by any means the idiotic types we're used to although dalton might fit better in this stereotype not is he the only one to pay for this lack of consciousness some scenes are truly horrible making up for tense moments scattered around all the film and in the end and although everything is explained it's easy to see that things won't go so easy to the surviving characters br br the only errors i can see and which do not imply continuity ie not finding her own cut finger in the unconscious is the which is somehow annoying during the first boring minutes although plot and effects wise everything is drastically and twisted with the arrival of the main characters to that little village in the midst of nothing so i'll give it that it's been pretty much that about of the movie is illogical how can two people build an entire house of wax where do they get all the wax from these wouldn't be questions if people would have paid more attention to the movie the brothers did not build the house of wax their mother worked making actual wax figures and they were at the museum and the scenario where paris unfortunate character meets her death is the answer to the second question what is with all the personal objects mobile phones cars clothes of the dead people using their third brother as a connection with the exterior it's pretty much that the twins should obtain the money necessary to buy the wax in a wwii type fashion br br so that aside i think the movie deserves a lot more than it gets and nobody should lose the chance to watch it so go see the house of wax right now,1,0,0.04147096,False,0.95852906
i am quite a fan of novelist screenwriter michael his novel wonder boys became a fantastic movie by curtis his masterful novel the amazing adventures of and clay won the prize a few years back and he had a hand in the script of spider man arguably the greatest comic book movie of all time br br director marshall has also directed wonderful comedic pieces such as the gut and the genius short film series terry office and with a cast including peter miller nick nolte and this seems like a no br br it is literally br br jon foster stars as art the son of a mobster nolte who recently with a degree in jon is in a state of arrested development he works a minimum job at book has a vapid relationship with his girlfriend boss which amounts to little more than amounts of sex with no plans other than to chip away at a career for which he has zero passion br br one night at a party an ex roommate introduces jon to jane miller a beautiful smart later that night they go out for pie and she asks jon a question that begins to shake him from his state of existence i want you to tell me something that you have never told a single soul if you do it will make this night jon then tells her a dream of his in which he wanders about town looking at the faces of strangers passing him by yet none of them look him in the eye i imagine it must be what death feels like he says br br the next day jane's wild boyfriend cleveland kidnaps jon from work and takes him out to a abandoned steel mill and soon jon cleveland and jane are spending every waking moment together going to punk rock doing drugs and drinking lots of alcohol this doesn't sit well with who pushes jon for a more personal relationship namely letting her meet his new friends and his father the film then attempts to take us on journey as he shakes off the on him by his father and his dead end job as he finds freedom and expression through his relationships with cleveland and jane br br there is a problem having us follow jon throughout the film he's completely uninteresting he has no ambitions passions or goals he walks through life like the invisible he described to jane the night they met at the outset this isn't a problem but he never gets any more interesting he's a completely passive character he simply follows along the cleveland and jane but he never once gives us any as to what he cares about or wants to to do with himself br br consequently the film and its supporting characters have nowhere to go and little to do other than party have sex and get in arguments in other words much about nothing what we have here is the shallow skin of a good movie without anything on the inside sweeping cinematography voice over with characters staring off into the distance lots of sex scenes both straight and gay big arguments more angry sex a chase scene and a tragic death but it doesn't seem to matter ironically at one point jane confused at a number of actions asks him what's going on jon what is this all about yes jon do tell we in the audience are dying to know too br br the title the mysteries of must refer to the characters themselves because that's what they are they are all one dimensional stand ins for actual people the film never lets us in we never know what makes any of them we see them do lots of things but we don't know why and the absence of why is one of the worst things a movie can have,0,1,0.9577177,False,0.9577177
the lady in is a course on social of the late 's the writing not the acting is at center stage did i say pure camp prepare to be offended if you are female or gay broad and dame are standard terms and gay and bashing are represented for what they were in the day camp wise most of the lines are tossed off although there are wonderful performances by a very few outstanding character actors the action scenes are mundane but it is fun to see dan play a tough guy who likes bashing and kazan and are at the peak of their careers amazing to note they were both years old and mr sinatra was the musical score wait was there a score well you get the point watch it with friends who want a good laugh it's full of them,0,1,0.95640445,False,0.95640445
little quentin seems to have the art of having the cake and eating it br br as usual the pure sadistic display can be explained as a clever thought provoking way of sending violence back into the audience's face br br sure mr tarantino violence is is it is well worth in it to make that point how very brilliant br br the juvenile part of the audience may well not be clever enough to follow all the smart references to higher levels of consciousness though but i'm confident they'll see the light one day br br thanks for making this little world of a little better you deserve a,0,1,0.9551291,False,0.9551291
i found this movie immensely interesting yet a little jaded it talks of violence and what there doing i still don't see the point in becoming terrorists in order to stop the terrorists we have similar people in the united states and other countries the use of violence and war tactics because they think they are right think of the and the christian against the people during the medieval times lots of blood and death far the violence of today the western world has had a negative impact on the religion i do not justify their actions but western culture in the past has had a very negative effect on some but still do remember the majority of the people are peaceful people of any nation feel some sort of but to a war on the fact that i'm right and your wrong needs to be again i repeat you cannot stop terrorists by becoming like them,0,1,0.9548287,False,0.9548287
normally i love finding old and some not so old westerns i haven't seen to be the entertainment for the evening it's such a great way to sit back relax and escape the politics and world problems for a few hours but this was not to be the case with this version of the magnificent seven the casting and storyline of this series closely follow the hollywood formula for politically correct entertainment good old get your mind right history where the must all be white male in this case and preferably christian if it can somehow be worked into the script it's sad really the best movies out there are now and have always been about simply telling a good story up on the big screen not about someone's political ideology,0,1,0.9542634,False,0.9542634
the movie actually has a fairly good story but gets down in several key places it's almost as if the director threw the movie together without taking the time to make some essential cuts in the film dennis quaid does a fairly decent job in his role but something is clearly missing from several key scenes br br this hour movie could have been reduced to about a hour movie and probably would have been a much better film had it not had the feel as if it was thrown together br br,1,0,0.047849387,False,0.9521506
any person with fairly good knowledge of german cinema will surely tell that numerous films about a young girl having troubles with her mother as well as her boy friend have been made in the past if such a film is shown to people again it would surely click provided if it has something new fresh and captivating for today's challenging audiences this is also true for german film maker as her film's principal protagonist has been by everybody around her including her mother and boyfriend she is bold enough to face any punishment as she has tried her hand at all kinds of criminal activities including was originally shot on to be blown afterwards to format its technical does not our when we learn that would like to become a policeman as she feels that she is to the idea of becoming a run of the mill if someone were to state a positive aspect of film it may well be involvement with handicapped people as a result of a punishment it is with that we learn that are human too with their unique and,0,1,0.94915074,False,0.94915074
when thinking of the revelation that the main character in bubble comes to at films end i am reminded of last years with christian the only difference between the two films is the literal physical weight of the characters br br an understated yet entirely realistic portrayal of small town life the title is cause for perhaps we the audience are the ones in the bubble as we are given no in the films slim minute running time audience reactions were often smug and clearly how detached people can be from seeing any thread of humanity in characters so foreign to themselves these characters are the ones people refer to as those that put george w back in office for a second term br br it's to consider how reality television has spoiled our sense of reality when watching an audience jump to their feet for the exit as soon as the credits role this film has it's merits and is deserving of consideration for the things it doesn't say outright,0,1,0.9478951,False,0.9478951
what could ever happen in a dull town in summer well a bunch of teenagers find out a few things can and do happen br br it turns out the mexican werewolf of this story is nothing less than el and the movie unlike the name would suggest is not a remake or of the american werewolf movies but something completely different br br overall for an obviously low budget movie it's not bad some clever camera work quite decent looking traditional creature and gore effects and for once not all knowing people that can and do make mistakes like shooting a colleague thinking it's the big bad beast and are by things they could not possibly know br br sit down at this expecting a blockbuster million dollar production and you will turn it off in disgust after a short while sit down at this expecting a bit of entertainment and a relatively simple story and it's quite good overall it gets an from me for being creative having ok acting and pulling off some good work for the budget this movie had,1,0,0.052286696,False,0.9477133
renting this direct to video film i was not expecting an amazing piece of cinematography not to say just because a film is in cinema it will only very loosely following the story in the epic poem this film provides a unique take on the tale of monsters and super humans the general photography can be as conflicted with its mixture of and post apocalyptic reminiscent of mad max with a rock and soundtrack to boot one comes away feeling a bit off the fight scenes though unbelievable are entertaining and christopher possesses some of the most interesting weapon i have ever seen on film though often a tad the special effects used for the monster grendel are surprisingly effective and are one of the few highlights br br christopher delivers an average performance as beowulf it will be nowhere near as memorable as but at least it wasn't as poor as the supporting cast is rather neutral br br if you're looking for a good action adventure story with a complex and engaging plot i would not suggest this film however if you want a flick that is of little substance full of campy battle scenes and a somewhat predictable plot find a copy of this,0,1,0.94765234,False,0.94765234
gordon goes over the top in typical full moon fashion but that's to be expected combs is surprisingly low key keeping his performance at a more realistic level than we are used to seeing also gone is the usual stuart gordon in black humor br br the film is quite effective in showing break down and his final heroic act to save his wife daughter you actually feel sympathy for his character despite his short br br personally i was more surprised at the nudity and borderline porno sex scene than i was shocked by the graphic violence gore br br not classic gordon but certainly something you might enjoy if you've seen his more famous films,0,1,0.9465268,False,0.9465268
of follows the story of helen and the of the war this is more of a love story between helen and paris who is and falls in love with helen without knowing she is queen the film portrays the couple as and wanting nothing more than to be together other films and books have different portrayals of the characters but in this one they are simply hopelessly in love the film is pretty slow moving in some places but the battles and the detail to the scenery are done pretty well there are also some good performances i thought that the slave girl did a particularly good job and she was one of the most well liked characters br br overall this is a good adaption if you can look beyond the slow moving story in places and look beyond some of the cheesy romance and dialogue in my opinion a perfect film version has not yet been created but this one is entertaining and does have some good bits,0,1,0.94344264,False,0.94344264
nothing is worse than the of our world's history this film attempts to describe the horror faced by one particular family a common narrative device in the atomic bomb world of the most memorable parts are the graphic and images that the people of face in the aftermath of war the story however becomes more concerned with the effect on a specific group of people and how they cope with getting on with their lives in other words if you don't really care about them the film grows boring it's hard not to care though when a family's is i'm not sure if i would recommend this film because it says very little politically and honestly did not keep my interest in the family's troubles,1,0,0.057389554,False,0.94261044
only if its the last thing do and your humour is should you ever attempt to watch this if you do watch it alone invite no one they will never return to watch another movie with you it might be an excellent tool for that very purpose invite people you want to get rid of in your life br br apparently i need to write more about his film in order to qualify as a review this is sweet irony for this film it really does sum it up perfectly after wasting my time it wastes more of your time it does have a function i take it all back br br i recommend this film watch it its provocative really go ahead watch it,0,1,0.94132304,False,0.94132304
the problem with the version of this movie is simple indiana jones was so closely after alan or at least is an alan type of character that the director made the mistake of the movies for dialog and story far too deeply what you got as a finished product was a mess of the name alan in an uneven of a cheaply saga with a touch of austin powers esquire cheese here and there br br it was labeled by many critics to have been a great parody or unintentional comedy unintentional is the word this movie was never intended to be humorous witty yes but not humorous unfortunately it's witless rather than witty br br with this new mini series you get much more story character development of your lead solid portrayals and a fine even entertaining blend this story is a bit long much longer than its predecessors but deservedly so as this version carries a real storyline and not just action and eye candy while it features both action and eye candy it also the mistake made in the version by forgetting all together and going back to the source for making for a fine well thought out plot and some nice sub plots br br now this attempt is not the all out action that is indiana jones nor is it a poor attempt to be so this vehicle is plot and character driven and is a beautiful rendition of the saga filmed on location in south africa the audience is granted beautiful if desolate cultures and some nice footage to blend smoothly with the performances and storyline here br br steve totally surprised me with this one as i have never been one to to his vision in fact i have disliked most of his work as a director until this attempt i hope this is more a new vein of talent and less the that it seems to be br br this version rates a on the tv scale from br br the fiend,1,0,0.05961341,False,0.9403866
this is the first and as far as i can tell the only completed production of heart of darkness ever released prior to starting on citizen kane orson welles shot some test footage for a version of heart of darkness that was to be filmed entirely in what would now be called where we would see everything from the point of view of the main character charlie he would be seen only in mirrors windows water etc the film was never made the technique was used not too successfully in in the lady in the lake with robert starring as philip presumably the coincidence of the two e characters is just that of course francis apocalypse now was based on heart of darkness br br the short novel heart of darkness by the polish born british writer joseph conrad first in a british literary magazine in features one of his favorite alter ship captain charlie who also the short story youth and tells the story of lord jim out of work decides to take a job a river boat for a company involved in the brutal exploitation of the resources of king leopold personal the free state travels from london to signs on with the company and is told that his mission is to take a boat up the river to a far station headed by one of the most agents in the colony a german named of for the production of rubber and other products from station have and no word has come from for some time there are rumors that he has gone native is to investigate take any necessary action and make a report on his return he takes passage down the west african coast to the mouth of the is for weeks while he is forced to his boat at the company station on the coast and finally sets out to find station the river the heat the the the insects the people all take their on his his imagination and his mental resources he finds ill half mad and close to death the final encounter and the death of are almost an especially since conrad is so obscure about what actually happens that we are left to puzzle it out for ourselves this is a novel where you close the book vaguely with the ending but nevertheless the story for its amazing br br this heart of darkness was filmed with in central america standing in for west africa it is best where the novel is at its greatest actually showing us first world what a boat trip up a river would look like but the rest of the film was forgettable tim roth does his best as but so much about the plot characterizations and character relationships has been altered beyond recognition that you wonder why they bothered if the aim was to make story for the screen why didn't they leave it alone it's to expect that no will be made when a book is made into a movie but so many changes were made that to me had no cinematic justification that you wonder whether we are simply dealing with incompetent screenwriters and most disappointing of all was john as he was completely miscast and simply the role everything about him is wrong his looks his acting style his voice his accent everything a vastly better choice would have been someone like bruno unlike an actual german like the character br br this is a very disappointing production and i would recommend it only after you've read the book if you want to depend on more than your imagination to get a visual picture of a boat trip up the river circa,0,1,0.9383579,False,0.9383579
it's hard to rate films like this because do you rate it on production or just fun br br i saw this film back in about or so when i was a boy and i'm sorry to say it started a life long fascination with ninjas the plot is fairly dire and the acting is of course terrible but there is a certain surrounding the ninjas in this film which makes for quite a good atmosphere what is important are the fight scenes while a are really good br br i must say it was better when i was a boy only now can i see the glaring points of unbelievable nonsense in the film but as a sit back with a few beers martial arts film i can't fault it it delivers and is much better than the mountains of american ninja style rubbish that was out in the 's with hundreds of guys in black suits but really not very good fight scenes br br in an interesting note dusty nelson the writer and director of killers did another ninja film under the movie flag called white phantom i have no idea if this was meant to be a sequel to killers but the clan is once again a main feature including the same and similar story only this time including a white ninja this too while being mostly dire had a small sense of atmosphere but the fight scenes are even more and to be frank are pretty awful br br so if you are a martial arts fan then give it a blast to kill a few hours,1,0,0.06300497,False,0.936995
here is one of those educational short films made to learn the unknown people out there about facts of life this time the target audience is girls the fact of life is this animated film created by walt disney pictures apparently with some from br br it starts with explaining how make you grow and develop with the help of animation and a female narrator it shows us how the body especially the and work and why this all leads to it is almost amazing becoming the comic note here how the subject of sex is avoided even the word is never mentioned although will pass once i don't really know why i saw this but since it is one of those rare short films that could give an impression of an innocent time you might want to give it a try,0,1,0.93580073,False,0.93580073
most of the bad reviews on this website blame hood of the living dead for one or more of the following reasons it is a low budget movie with virtually no acting it was so bad it made me laugh it is something i could do myself i won't even discuss the first point because it is a very matter whether you like low budget and independent stuff or not i must say however that i still fail to understand people renting such a movie as hood of the living dead and then looking surprised when they realize it is not as polished and cute as a romantic comedy with lindsay or matthew as for the second point i really don't see what's so wrong with laughing i personally like to laugh and love movies that make me to be they comedies or horror flicks when in hammerhead i saw this girl stepping into a and the shark man came out of it to eat her i just up and i was grateful that the director made such a stupid scene and gave me ten seconds of pure fun honestly laughing just makes me feel good while it seems that many people writing reviews see it as a bad bad thing if you only want to feel sad and scared while watching a movie hood of the living dead and low budget flicks are definitely not for you but please don't come and tell us that you find them laughable we already know it this is most probably why we decided to watch the movie in first place however it is the third point that leaves totally just several years ago people were up out of theaters to see blair witch project which is a way more boring plot less and bad acted movie than hood of the living dead and takes itself way too seriously too moreover half a million people go on youtube every day to see the short films of which is certainly something everyone with a cute girlfriend a room and a could do not to talk about all of the even more amateurish videos you can find there why don't people blame those clips for bad acting and non existing plot i think it is one of the best things of our times that everyone with technology and a bunch of friends can make their own movies and share them with people that have similar interests and i feel a certain admiration for people who spend their with their friends making a honestly bad yet refreshing piece of trash like this rather than shopping at the mall or playing video games alone leave aside your and your desire to sound like a smart film critic by attacking b movies and you'll see that hood of the living dead can bring you almost as much fun as it did to its makers if you have a taste for refreshing and enjoyable home made horror movies i recommend the ghosts of the killer eye monster man don't look in the basement the worst horror movie ever made redneck zombies jesus christ and habit,1,0,0.06660207,False,0.93339795
is a film about a futuristic society in which the government controls everything and no one can be trusted it is a very dark film and it is one that will not make you feel good about yourself it is about a romance taking place in this society and the betrayal of the lovers and about human nature being self the film has some very good ideas and is done well in portraying this society with the dark tones in colours with happiness and bright colours in the dreams and a general feeling of loneliness through objects and people and places however despite the film's at portraying this idea the film was very slow and did not seem to quite get the idea across it seemed to spend too much time being clever rather than telling a story,0,1,0.93105555,False,0.93105555
alfred hitchcock made this comedy of marriage in but his heart doesn't appear to be in it carole lombard and robert are the couple who discover they were never married and spend the movie their way back to true love it doesn't have much of a reputation and it is easy to see why the jokes are familiar from better films but here they don't and the leads are performance is and and it's sad to think she was dead only a year later robert seems to know he's in a ear and tries his to make a purse out of it without much success the best performance comes from gene raymond as 'the other man' he has a lovely drunk scene this is one of the few really bad hitchcock films,0,1,0.93064904,False,0.93064904
some of the acting was a bit suspect i remember that alexander walker evening standard critic yeah ok he's now dead launched into a rant about this film saying it was a disgrace portraying as murderers now with respect to all this film was loosely based on the who were and who in the 's believe me they were not called for nothing my main about this film is the it shows no ray of light or hope it's all doom i mean did the little girl at the end have to die maybe this sounds corny but it could have taken the that not all are bad or wholly good either,1,0,0.070339955,False,0.92966
i happened across bait on cable one night just as it started and thought eh why not i'm glad i gave it a chance br br bait ain't perfect it suffers from unnecessarily flashy direction and occasional but overall this movie worked all the elements just right and they pulled off what otherwise could have been a pretty ugly film br br most of that i think is due to jamie foxx i don't know who foxx for the lead but whoever it was did this movie a big favor believable and amazingly likeable foxx through the movie smooth as and funnier than hell you can tell he's working on instinct and instinct doesn't fail him br br the plot while actually ties together pretty well and there's even a character arc through which character grows as a person again they could've slipped by without any of this but it just makes things that much better br br i'm surprised at the low rating for this maybe i just caught this move on the right night or vice versa but i'd give it a bravo foxx,1,0,0.07060942,False,0.92939055
spoilers spoilers spoilers just a few small ones br br saw this on channel missed the first min of movie will keep this comment short and informative br br the movie is basically about characters the acting is very bad for characters girl with the help of another girl kidnaps different people but it and the kidnap the this is one of those types of movies where the script writers try to be thought provoking or philosophical mysterious and you get the point but do to their own personal lack in thinking they fall terribly short like one of the who is supposed to be some type of psychology nerd looks the part but his tongue can't speak it the writers think that if the nerd uses a lot of letter words i believe that the viewers will be ignorant enough to believe it i wish i could give an example but i cant recall any exactly as it was said the ending was bad as well but the one female captive acted her role as an old and relatively wise lady although she as well as the rest had a lot of clich s br br so why would i give this movie a stars if i thought all the above simple i give the entire seven stars to lisa one sexy a she is fine lol i am an of beauty and she is exactly that but don't get me confused because i'm not a and this movie is not a porno in any way their is about her i cant explain but i like it i remember the scene where a captive has broke free and as he looks for a way out into she tries to get way but she doesn't have a chance he throws her down on the stairs and he pulls her pants down no now although she has an amazing ass and the this shot leaves little to the imagination for a long seconds i think it was her facial expression that got me she wanted it and that look had me thinking i was behind that i would have torn that up after that expression i couldn't look at her anymore i was in love lol i am glad to have seen this movie but if lisa wasn't playing the lead role i would have changed the channel well after i had seen the scene i mentioned above i am a lisa fan know but is seems that she isn't a consistent actor seeing this movie is her latest but i am forward to another movie with her in it,1,0,0.07086915,False,0.92913085
most movies about or set in new orleans turn out to be laughably bad and laughably inaccurate remember the savage but i'll make an exception for which almost got it right br br here's one that doesn't inevitably get it wrong the accents are not too bad yes the accent down here is way more than southern the city of is shown the way it is was without the obligatory tourist shots and they understand a good drama without trying to make everyone a quirky br br one of the few films to do justice to this city and a good film to boot,1,0,0.07205644,False,0.9279436
before george clooney directed sam in his directorial debut of a dangerous mind they starred together in this movie george clooney also was involved with this movie as a producer along with steven soderbergh which shows that they really believed in this project in potential this also seems like a fine and entertaining project that is in the same line with movie remakes such as eleven and the italian job but somehow this movie is only successful or at least it isn't as good as it could had been br br the movie its characters are all being played by some fine well known actors but a shame is that the characters are not really given enough room to develop even though in their potential they could had turned into fun and enjoyable characters they are now only characters that mildly entertain because mostly of some of the more quirky sequences that are in the movie the fact that they are being played doesn't change much to this even though they prevent their characters from ever becoming a total bore or perhaps even annoying or anything like that at all br br it's of course due to the writing that the characters aren't used to their full potential i can only assume that the original italian movie i works out much better than this movie does the movie relies too much on its simple story and predictable way of storytelling br br nevertheless the movie is simply still a very fun one to watch maybe because of that very same simplicity it's an harmless little caper movie in which you simply shouldn't to worry much about the story in that regard welcome to is still a movie that works out and simply serves its purpose well br br it's a movie that you won't regret watching once you've finished it but it also is a movie you can really easily do without ever seeing br br,1,0,0.072484754,False,0.92751527
i hadn't seen this in many years the acting was so good as i began this time i thought great another movie i as a foolish young man but then the theme started to be clear and i felt the same way br br this was hollywood the seat of so the concept shouldn't be a surprise but it is so condescending a concept i feel as if i need to take a shower after watching it in brief it tells us that even physically ugly people can seem beautiful to each other and even feel attractive br br dorothy is likable as the heroine she seems to have been filmed wearing minimal make up robert young is injured in the war and feels his parents can't bear to look at him either he seems to have all his and in part the notions of are br br herbert marshall is on hand as a blind his character speaks is tones and is br br the best performance is given by mildred as the owner of the title she is bitter and but not made of ice her story is much more interesting and believable than that of and young,0,1,0.92636275,False,0.92636275
this makes the third errol morris movie i've seen and i'm increasingly not liking his style he seems to find very interesting and varied characters great personalities to create documentaries for and then with tongue in cheek editing make fun of everything they are about it's never really a direct of them and morris seems most of the time to be saying but no no these people are really fascinating really but there's always these subtle little angles and not so subtle editing techniques that show that morris seems to be mocking them behind their back br br this movie tracks four people who break the traditional boundaries of a man who studies african to find that they are amazingly like a lion a man who keeps a garden full of animal shaped and a robot designer the general theme of the film seems to around the question of what animal human and life features so the title of fast cheap out of control doesn't really seem to mean anything in terms of the movie right except of course morris seems just a little disturbed by these passions he might call them making designs on life i share not that fear and honestly don't appreciate some of the connections morris makes in the film br br but i stress his subtlety with no voice over narration and leaving the words entirely to the it's not as if morris ever pounds that anxiety onto the collective head instead he mixes circus footage and footage together often at times when they're taken out of the context of the circus and the ants showing a sort of collective absurdity behind what all of these people are talking about i don't find them absurd i find them all very neat and interesting individuals br br unless of course he didn't intend such which means he's just a bad instead of a silent considering none of this films i've seen so far have particularly impressed me i don't really care to find out what he's trying to do br br,0,1,0.9259782,False,0.9259782
i seeing this movie having really enjoyed the original what a disappointment catherine zeta jones is a good actress but this wasn't her film the original had poignant moments perfectly with an incredible soundtrack no felt like it never connected the food the characters nothing felt passionate in mostly martha the food came alive every scene was filmed in such a way you could taste it with your eyes the the the food in was in the background rarely did we get a of the the characters were not real enough to carry the movie without it it was hard finishing the movie many of the scenes felt awkward see the original it's a truly enjoyable movie the soundtrack incredible,0,1,0.924429,False,0.924429
i was stunned by this film afterwards i didn't even want to see any films for a long time any other film would be so unsatisfying by comparison br br for many it may be the worst of antonioni very slow without an engaging conventional story line of human emotions and interactions and the worst of confused it is composed of short distinct episodes linked by typical meandering hero's stream of consciousness so it doesn't produce the temporary oblivion of cinema br br but for fans the worst is the best and the disjointed story line is a single poetic image that stretches across the film and antonioni create a between their segments that seeks out the heart of things br br,1,0,0.07788384,False,0.92211616
greedy land baron in the tiny western town of city wants all the off their land using tactics and to get them to seems the town is swimming oil and when a swedish farmer refuses to leave he's down by the hired gun the son soon arrives slowly realizing what he's up against and attempting to the rest of the residents to fight another in the west story with everybody under the thumb of the villain who naturally holds all the cards derivative and uncomfortable at times to watch with a long wait before our stoic hero finally gets his up sterling half hearted swedish accent is a big problem though he cuts a sympathetic presence on the screen and almost makes the picture worth watching director joseph h lewis stages most of the scenes like a tv western and heavy score is no help though the rich black and white cinematography by ray is excellent an independent production released via united artists the film has a bizarre beginning with shots from the finale followed by shots from the movie's yet it does have a certain power which most gets the viewer on side from,0,1,0.92028123,False,0.92028123
okay if this film had been made much later in the history of cinema it wouldn't be particularly worthwhile however in films were in their and they were almost all rather dull and had no real story to tell instead just showing normal everyday folks doing everyday activities if seen today almost all of them are hopelessly dull and very very short often less than one minute long and so in light of this this short clip of a movie is pretty stuff and might just make you laugh two guys a miller and a into each other falling and throwing and coal dust all over each other as they that's all the film is over before you know it,1,0,0.0802112,False,0.9197888
this film with fine production values features secrets and how friends use each other henry may long is a very well acted lit depressing turn of the century period piece about a friendship between a ill man and a melancholy talky drawing room dramas are not my cup of tea and all the crying wears thin recommended if you like independent intellectual slow paced type features br br i suspected that the main characters were in love but their connection was so it didn't really have the emotional impact of mountain ' it features some good writing with a scene discussing how to disappear in life but it is truly a dark and depressing film,0,1,0.9191479,False,0.9191479
is an australian comedy drama set in the world war japanese prisoner of war camp of that name the story cuts between past events and the present day when the aged veterans plan a reunion this is a much and controversial miniseries here in australia the budget ran over million dollars historians and veterans it's authenticity and critics the uneasy mix of comedy and drama shades of pearl harbor series writer john doyle half of the successful roy h g comedy team has tried to defend himself with comments about the characters are of actual people the troops used comedy to cope with the situation it's only based on actual events one of our actors was actually there etc i don't have a problem with any of these points many superb fictional and factual dramas have come out of the japanese p o w camp experience king rat merry christmas mr lawrence bridge on the river paradise road empire of the sun blood and a town like alice black comedy has often been used successfully in p o w dramas life is beautiful the great escape seven the story and even heroes so why is a monumental failure the acting in is uniformly excellent the music and cinematography is good it is the writing and direction that have let it down every scene seemed to give me waves of when anthony hayes is made to stand in the blazing sun i thought didn't i see alec guinness do this in bridge on the river the sudden flashes into surreal song dance brought back dennis singing detective but without the this happened so often it of lazy writing by cut and rather than homage the constant between the past and present stories left me unable to concentrate on either flash forward and flash back can be a useful tool here it left me from characters where intensity was called for the is overdone every conversation seemed to include stone the bloody such that i was saying i get the point i know they're cultural stereotyping extended to the british and japanese too sadistic young japanese officer uptight british officer japanese fun loving etc i thought i was watching heroes on the river after episodes i'm out,0,1,0.91806215,False,0.91806215
this film sat on my for weeks before i watched it i a self indulgent flick about relationships gone bad i was wrong this was an engrossing into the screwed up of new br br the format is the same as max la based on a play by arthur who is given an inspired by credit it starts from one person a prostitute standing on a street corner in brooklyn she is picked up by a home who has sex with her on the hood of a car but can't come he refuses to pay her when he's off she answers his cell phone and takes a message she runs away with his keys br br then the story switches to the who pays a professional call on a rich bored new york woman who plays with him until he is then she pulls away she tells him how desperate and unhappy she is he tells her how beautiful she is and lucky as he is leaving she asks if he would have sex with her she sits on top of him up and down this time he comes the he leaves br br the woman and her husband throw a dinner party for their trendy friends robert is talking business wife ellen is bored and switches the subject to sex and how often men and women think about it husband switches conversation to desert later after the guests leave ellen tries to robert into sex robert wants none of it and puts on a jazz record ellen turns on the radio robert turns up the music ellen turns on the tv robert turns on another tv ensues ellen goes up on the roof robert joins her ellen that she needs to experience more men men other than robert robert says that he too needs to experience men br br we next follow robert as he visits an artist martin played by steve i wish could have more roles like this where he is a sexy smart totally guy robert work much more than it deserves promises to get it into a show martin is excited until it turns out that robert is speaking out of his it is all a dance robert tries to kiss martin on the lips and martin pulls back saying that he is not gay robert that he's not gay either martin both admit that the are bad robert is about to leave when martin allows robert to kiss him they make out and robert goes down on martin br br next we follow martin as he for an art show at a manhattan gallery he is smitten by the anna played by rosario dawson i had to cut some of this review to keep it under words and they make love to each other br br we next follow anna who is sitting at a lunch stand her boyfriend nick adrian enters bearing flowers she is cold toward him he tries to figure out why he out of her the information that she has had sex with someone while he was in san francisco she out of him the fact that he has stayed with his ex while in san francisco and had sex with her the latter revelation turns out to be a lie the two of them make out in the but she decides that they must break up nick is br br and we follow nick who his troubles to an older woman who he meets on a park joey carol kane joey is sort of weird and child like but is a good audience for nick who needs a sympathetic ear the two of them go to island at night and look at the stars nick falls under spell despite the age difference between them they go back to apartment and nick gradually realizes that he is about to have sex with a crazy old woman she is on top of him doesn't want to let him go but he manages to escape br br this is by the way the best carol kane role since she played wife in taxi phone rings and it is a man calling the psychic friends network and joey is one of the psychic friends although she is still hurting from nick she gradually gets into her psychic the man is at his office late at night and wants to have phone sex with her although that is not business joey goes along and the man to come she wants to keep talking although the man want to get off the phone and finds out that he has a lot of money from his company and will be found out tomorrow his life is ruined joey realizes that the man is going to commit suicide and she tries to make him believe that she is his friend that she cares about him and she does care about him br br but the man packs a gun into his and goes off to seek a prostitute on the brooklyn and we come back to the beginning to the same prostitute who started out la she wants to give him in cash if she will kill him he tried to kill himself but couldn't do it the prostitute does not want to do it but he insists holding her hand holding the gun inside his mouth telling her where to aim eventually the gun goes off and we see the prostitute walking down the street and arriving at the corner where she normally does business the who didn't pay her earlier in the movie drives up rolls down the window they look at each other the end,1,0,0.08288829,False,0.9171117
check out the two who review these guys are old school hollywood and a hit on youtube they always give an insightful and fun review they have movie comparisons that are really interesting and they have a banter back and forth that is endlessly entertaining they know movies they have been in the for practically a century is a well known screenwriter and is a famous producer all of their insight on movies always leaves you with something to think about see what they think about latest br br http www youtube com watch v,0,1,0.9165215,False,0.9165215
i can't really the movie because it does work there is enough film noir elements to consider it a noir movie but i think it's only just in the category br br there's nothing sinister in this piece and that's where the noir elements fail sure the disease might be considered sinister but i have a hard time seeing that the movie hints at a darker side may be human beings the new orleans police are only too willing to arrest a reporter the of the plague hangs over all of the people in the movie but those are really only hints br br there's no attempt made to question motivations as one with do with or spade nor is there any attempt to bring a humans side to which would make him even more if the human was actually played out br br that lack of depth is what fails the movie in the end br br the story is decent the acting is good the writing and direction are well done but there is nothing to make this a movie you should return to over and over worth watching once maybe twice if you don't remember it from years ago and then putting away,1,0,0.08363692,False,0.91636306
first off i want to say most of the people who give this a poor review don't like this kind of comedy the movie is great if you have an open mind and aren't afraid to laugh at some stupid things br br this movie is shot just like the tv show with a lot of short clips into one long movie some of the scenes don't even have dialog someone will just come out and do something unexpected and it is funny the only negative i had is i felt like i wasted money on my popcorn and there was no way i could eat or drink anything during this movie i was constantly laughing i was honestly nervous of drinking some and seeing something that caused me to laugh and shoot it everywhere br br if you don't mind some male nudity and you enjoy jackass the movie jackass the tv show and la then for your sake go see this movie br br and if you don't like the first movie or the tv show don't see it and if you do see it don't post a bad review about it hardcore christians who see this and bash it just doesn't seem right to me,1,0,0.08687123,False,0.9131288
debbie reynolds toe and yes tap dances her way through this ordinary thriller which has a distinctly atmosphere two ladies brought together when their sons commit a murder try starting their lives over by running a tap dance school for in hollywood trouble is one of them is plagued by can you imagine this thing years earlier with robert directing bette davis and joan crawford bette never would have allowed joan so much screen time to her stuff and i can't imagine bette davis in the other role tap dancing her heart out this is a purely bogus piece of macabre written by a henry farrell whose idea of a good shock is to stage the mass murder of a group of not an ounce of honest fun in the whole tepid package from,0,1,0.9110251,False,0.9110251
who in india is often compared with prominent world film makers and is regarded a genius in film making has yet again proved that he can only make the frames look visually good without offering much food for thought forget about pure cinematic pleasure that can be derived from cinema as a very old form of art br br while i would not like to claim and portray myself as someone who has seen all the beautiful movies made around the world still any thoughtful and a bit educated film goer can identify that his films do not contain innovative plots does not contain lingering effects afterward and mostly contain ridiculous ending and a lot of melodrama seen in indian movies br br overall has successfully confirmed my for his films once again br br sorry for those who on this board were claiming otherwise my suggestion to you watch some beautiful cinemas made around the globe,0,1,0.90943146,False,0.90943146
i guess i do not have too much to add i found the comedy to still be funny after more than ten years since it came out br br the one thing that i did notice was the music during the dialogue to be distracting and often made the movie very hook than it should have been the use of songs is fine during the movie but the background is too busy too contrived and if the movie was ever to be edited for dvd i would seriously recommend that the background music be toned down to an almost level it has the overall feel for the whole film and i can see why a lot of people have passed it up br br the film had a lot of levels working for it on the script plot and comedy level it is too bad that the producer and director felt they needed the musical schlock to enhance the mood now knowing this i find it hard to watch and i quietly curse whoever was involved with the musical editing in the film it had all the subtlety of a,1,0,0.09113897,False,0.90886104
if you can stomach the this movie should make you laugh out loud several times it did for me at least i'll only mention one of my favorite elements the underwater shots of the fish swimming the sound which those shots is great too br br one last note william is actually a pretty decent actor i hope he gets another day in the sun watching him as the greatest american hero was a fun part of my childhood a couple of decades ago and he hasn't been very visible since he seemed kind of depressed in this movie somebody give him a fun job on a good show or something,0,1,0.9082923,False,0.9082923
a death at a college campus appears to be a suicide but is actually a cover for murder the dead man's roommate finds himself in a mystery as he tries to the truth behind the young man's murder twists and turns as well as some false leads makes this a tough case for our hero to solve let alone keep out of the of the killer according to the dvd synopsis br br the stars may be bigger than the movie handsome charles as ken harris who has a small scene became one of the top western stars of the forties in the return of the kid the man playing his father robert as joseph harris was one of the most respected actors of the teens beginning with his performance in jimmy valentine watch out for red herrings br br a shot in the dark charles charles robert james bush,0,1,0.90798014,False,0.90798014
even though he only made his debut film in australia and left for great britain and then america to continue his career will tell you that the greatest film star they ever produced was errol flynn i'm not sure he ever even went back to australia after his success in captain blood still i this film to the well known aussie for the reputation of one of their own br br part of the problem in telling errol life story was that he told enough tall tales in his life right up to the very end in his my wicked wicked ways i could see that a lot of the film was based on that and upon reading between the lines of that book br br his mother's infidelity to his father was not written but could have been in reading my wicked wicked ways he didn't particularly like the woman that is clear from a few sources br br i wish the film had dealt more with his new guinea adventures that to me was the most interesting part of my wicked wicked ways as for his street fighting in the depression i tend to that even if he had been successful at it i guarantee that enough of that would have ruined his looks and he would never have had a career as a leading man br br still the folks down under seem to think the atmosphere of sydney during the depression was captured well and guy is a charismatic errol flynn american audiences know him best as the uptight but honest lieutenant in la which came out the same year as flynn br br but la was a far better film,0,1,0.9068785,False,0.9068785
let's suspend belief for a moment and let's stop pretending we could might or ought know how it is or ought to be there in space human knowledge in that area is probably primitive as say middle ages are compared to today's satellite so we really have no clue considering this is just a bbc tv it gets much better than many big budget hollywood blockbusters and that is just incredible all in all a show worth watching as it portrays the cgi enhanced and account of what we know of the system this far probably and cgi ing the whole thing is the only way to make it to a large public ever watched clips from real space missions and real space the quality is generally average to poor and the comparison would be between looking at a chest x ray and what it tells about the human body and compare it with a cgi ed cyborg movie which one would be most entertaining yet the chest x ray is real while the cyborg flick is just actors do a good job none i'll tell my about but very fair for it being a bbc,1,0,0.093242705,False,0.9067573
it's hard to imagine a director capable of such crap as pulling off something as sensitive and as attractive as this but well here's the evidence and it's quite compelling several have to tv drama and yes this does have a seventies play for today feel at times but is always a cut above mainly i think to some quite acting from anne reid and to a fine script which shadow boxes with clich without ever getting one on the nose except maybe right at the end i didn't like either the tracking shot of indifferent through the nor the oh what a beautiful morning final scene she deserved a more studied finale than that i think after all that hard work the business was a bit too on reflection br br what i mean about avoiding clich well i for one had a sinking expectation that the mature man daughter tries to set her up with would be cast in as a repulsive old bore so as to point the contrast more painfully with the attractive young he is competing with instead we get an unexpectedly subtle and sympathetic cameo of a lonely clumsy not entirely unlikeable and very human fellow who nevertheless doesn't have much of a clue about entertaining a woman it was around that point i started to sit up and pay more attention here was a script that let the actors breathe and do something interesting with fairly minor parts almost mike leigh in that respect minus the contrived that the latter inexplicably goes in for br br and of course i was as everyone probably was by what anne reid does with her character and with her body she's not the repressed housewife discovering herself for the first time this is far too simplistic for the character we have again and again there are to her having been a bad housewife not to mention that thing she does with trying to look and and only in looking awkward the daughter her of having sat in front of the tv all day instead of well whatever her duties might be presumed to have been she has no answer she never was a model wife and mother at least not to herself that's where a lot of the comes from the sense of someone having wasted a life trying to a role she simply wasn't good at ever,1,0,0.09379315,False,0.90620685
telly as frank cooper is a us mexico border cop he serves as a father figure to young immigrant danny de la paz as benny romero who wants mr to be best man at his impending wedding is tough but boss eddie albert as commander may be tough is what you need to stop michael v as may be in br br if you find the possibility of hearing and oliver douglas to be repulsive you ought to steer clear of the border if not you may not have the stomach for the realistic cow scene although it doesn't end up being worth much mr de la paz and as steal the show br br the border tony richardson telly danny de la paz eddie albert,0,1,0.9057172,False,0.9057172
the film is somewhat entertaining but the greatest feature is laughable performance it has been years since this movie was released and hopefully harlow has gone through more training perhaps she should stick to the more somewhat characters that she has generated in other performances,0,1,0.9028508,False,0.9028508
five years after the us civil war western folk are more concerned with the age old war between and cattle the herd their from texas to the trail town of kansas there the find not only big money but also big confrontation with tall in the randolph scott as dan mitchell tries to keep peace in the town mr scott has experience between trail hands and saloon he also the town's finest looking women sexy saloon singer ann as rita and pretty church lady as county sheriff edgar as bravo offers more comic relief than sharp shooting assistance br br town begins with some promising symbolism and contrast scott and ms singing a in church then the camera switches to ms singing her saloon number which causes a man to fire his gun in pleasure after that it really becomes quite a standard western it is somehow than it should be but not quite awful young lloyd bridges appears as one of the costume is the film's greatest asset in it she is a real br br town l randolph scott ann edgar,0,1,0.9022994,False,0.9022994
i totally got drawn into this and couldn't wait for each episode the acting brought to life how emotional a missing person in the family must be together with the effects it would have on those closest the only problem we as a family had was how quickly it was all at the end we couldn't hear clearly what was said and have no idea what part in the whole thing was why did kyle phone him and why did he go along with it having invested in a series for five hours we felt cheated that only five minutes was kept back for the conclusion i have asked around and none of my friends who watched it were any the either very strange but maybe we missed something crucial,1,0,0.09912204,False,0.90087795
i used to love the muppets the muppet movie the great muppet caper and the muppets take manhattan were good family movies cleverly written and fun to watch i never thought i would see the day when they would jump on the hollywood sleaze but here it is as a rave dancer making and suggestive comments every five minutes this is not your father's muppets it's not jim muppets anymore either br br this it's a wonderful life themed movie has its moments but not enough to save it i while watching this with my children i still have hope for their next movie but this one was certainly a disappointment,0,1,0.90055674,False,0.90055674
i find myself that people are not so critical of a work that deserves criticism the many similarities both and literally with aside the deliberately chooses the easy path by putting audience before art and therefore denying the world a intelligent and creative work br br now consider the following is it not possible that the real story of the creation of the may actually be an engaging and powerful story itself and equally so in a dramatic telling was completely deaf by the writing of the isn't that more interesting how was the wouldn't it be great to know so ask yourself what possible motivation could a filmmaker have for introducing a woman as the if there was a he would certainly be a man what was his story please try to be a little critical here even if you like the invention of a woman composer br br fantasy should be much more than a of reality to serve a writers purpose for those who find themselves comparing and the invention of anna with the invention of claim to have murdered in consider that he to a priest in a lunatic asylum uses this device to great affect in the film may have worked if anna was a of imagination but we are meant to believe she is yes and that was by aliens br br most of the positive reviews i've read here so far are often expressions of a desire for the film to be good almost a deliberate remembering the film for what you wish it to be rather than what it is br br for those who believe that fantasy the means then consider you are not only accepting an inferior interpretation of real events but also the truth for the sake of a br br finally a short note on the acting here that may surprise some of you ed harris is not good as van does that shock you he looks awkward throughout the film much like an actor dressed up but off set and standing at the table most of his lines are said as rather than replies to anna lines i e he is not listening to the actor he is quite clearly an actor as the character rather than being the character br br really how many times does have to roll in his grave before we get it right just ask yourself would,0,1,0.89947987,False,0.89947987
i saw arthur the tv series and the books years ago and never was fond of the show very much if you're a fan of this cartoon sorry if i'm spoiling it for you but this is actually what i think lots of people liked it but i didn't br br the school kids characters seemed to fought all the time especially and they were nice to each other frequently but gradually i got tired of complaining attitude towards everyone and his sister however the name was spelled and was an or add like year old sister of arthur who was sometimes demanding which could be why arthur got annoyed with what her routines were like her imaginary friend and her stuffed animal collection etc friends acted like teenagers instead of what they were like in the arthur books and the parents well they didn't care very much br br the greatest cartoon was modern life not arthur no offense,0,1,0.89832026,False,0.89832026
this is the only movie i have ever seen that has me to write a critique on any internet site and that is a significant statement from someone who likes the attack of the monsters this movie is perfect for anyone who wants an movie it is devoid of sex and violence for example i believe that this movie is safe for children of all ages this movie is perfect for anyone who does not want to be entertained challenged or in any way adults could easily catch up on their sleep in front of the tv while the kids watch this movie don't be surprise however if you to find the kids have turned the tv off and started a board game as an adult who enjoys being entertained who enjoys everything from the mundane to the fantastic in realism drama comedy and action all of those adult things that reflect real life on earth and or the imagination this movie has nothing to offer,0,1,0.89719933,False,0.89719933
i hate reading reviews that say something like waste your time this film stinks on ice ' it does to that reviewer yet for me it may have some sort of charm if you like the other series films this one will be watchable if you like s films this one will be watchable br br this film is not as good in my opinion as any of the earlier series entries which starred richard as the protagonist it's much slower and the plot is trite you've seen this same narrative device used in many other films and usually better br br but the acting is good and so is the lighting and the dialog it's just lacking in energy and you'll likely figure out exactly what's going on and how it's all going to come out in the end not more than a quarter of the way through br br the series is semi noir and there character mood lighting camera movement and angles are more important than the story itself but this film is not noir it's too light weight and hollywood innocent for that neither richard character nor those of any of his ladies in the previous films had to come to a good end you just never knew until the end br br but still i'll recommend this one for at least a single viewing i've watched it at least twice myself and got a reasonable amount of enjoyment out of it both times,1,0,0.10289663,False,0.89710337
i was forced to see this because a i have an year old girl and b we had shown her the drew movies from the s which she thoroughly enjoyed personally i didn't think it was as humorous as the s flicks but on the other hand it wasn't the nauseating piece of intelligence insulting fluff i feared it would be it was an mildly entertaining movie although i'm pleased that they didn't try to nancy to st century mars holds the title as the modern nancy drew i do think that they made her a little too bland that they didn't do enough to develop nancy drew the movie could have been titled jane girl detective i have to blame the script i think each actor did a good job with what they had to work with i liked emma roberts in this role but they gave her a made for tv not theatrical release script,1,0,0.10371291,False,0.8962871
i watched this film on the hallmark channel recently in my opinion the film started out decent enough but eventually got sour br br the story a u s soldier in afghanistan receives one of the christmas cards that a woman back in the u s has sent out to troops for christmas he becomes so inspired by the christmas card that he feels it has given him a ray of hope and happiness in his life a motivation to continue on when he is given leave he goes to the very town that the woman lives in he comes across and young woman and eventually finds out that she is the one that sent the christmas card he meets the family and after saving her dad a vietnam war veteran from getting hit by a car whilst crossing the street the family decides to take him in for a while we learn that he doesn't have a family back home the soldier agrees to help out the family during the christmas season by working with them at their company the family comes to love him and vice versa the soldier also becomes in love with the family's daughter the woman that sent the christmas card there's only one problem she already has a serious relationship with a man that she's in love with it's also a long distance relationship the boyfriend is very different from the soldier he prefers wine and to france over hard labor and the great the woman prefers the latter throughout the rest of the film there is a love triangle as the woman's boyfriend is back in town visiting her for the season everyone in the family seems to want the daughter to be with the soldier and the mom basically wants what's best for her daughter spoiler alert the woman comes to like the soldier more and more as they have a lot in common they happen to spend a lot of time together she gradually becomes attracted to his persona then one day he kisses her and and she kisses him back now she's so confused she's in love with her boyfriend and wants to marry him someday but she's become so fond of the soldier soon enough the boyfriend who doesn't know about the kiss but is very protective of the woman and thinks the soldier has been trying to move in on her decides to to the woman and she accepts his plans for their marriage however are not plans that she wants she wants to be at home have kids and be close to her family he wants to travel the world go to exotic places and if they have kids he wants to take them along this doesn't sound too thrilling for the woman however the soldier feels bad about what he's done and doesn't want to make things worse so he decides to leave town despite the him to stay and be with his daughter it all comes to a head when at the christmas eve service with church we find out that the soldier hasn't left yet the boyfriend and the woman speak to each other outside and he broken hearted basically decides to let her go and breaks up with her the film ends with the woman and the soldier getting together br br things i like i like the soldier throughout much of the film he's basically nice and polite with a strong sense of doing good for others there are moments in which the family is going with church and in causes the family hold hands and pray during an evening meal at the table the dad and mom have a long lasting and evidently healthy marriage the soldier tries to do the right thing in a situation after he did something very wrong br br things i don't like there is a very typical love triangle story in this film the soldier turns sour as he slowly and subtly moves in on the woman and then eventually kisses her when she already has a boyfriend most of the family practically this behavior the family goes with church and in services yet this is how they act there is some bad language br br conclusion i became disappointed as the film ran on and it got worse and worse i ended up fast the very end of the film because i had enough so the film started out decent with some few gem moments but ended up ruining itself therefore i don't recommend this film to anyone,0,1,0.8912592,False,0.8912592
yes the plot is hardly plausible and very thin yes the acting does range from average to laughable yes it has been done so many times before however what we are dealing with is a film that does not shy away from these facts and pretends to be nothing more than it is there are indeed some original death scenes and the tension does increase throughout the movie in addition you are never more than a few minutes away from a gory killing i urge everyone to watch this film with an eye and see it for what it set out to be a scary funny slasher flick with a theme tune second to none,1,0,0.1100632,False,0.8899368
once you can get over cage playing an italian soldier who loves opera and believes in making love not war you can get down to enjoying this beautiful looking film this could be used as an for in the john hurt is great and penelope isn't bad as you might expect christian character is somewhat one dimensional which is a shame br br the main of this film is the adaptation from the book having been told subsequently the differences between the book and film plots i feel cheated out of a much better and more convincing storyline,1,0,0.11056534,False,0.88943464
anyone who visited drive ins in the s s and s must have seen a film or two by american international pictures a that s giant cannon films wherever movie goers would be right there to supply the latest en titles in the s came horror movies like and 'the undead ' in the s were frankie beach comedies and biker flicks like 'the glory ' and into the s out level trash like girls' and hill ' br br ' released in is one of the more efforts that capture the true spirit of drive in film making it is one of those uneven over the top flicks that satisfied the for entertainment and common sense be damned on the whole is typical for its era entertaining and worth a couple of hours but certainly not memorable heavy on action and short on both acting and historical fact was a fair effort by screenwriter director john but certainly left room for improvement in his extensive career br br the minute epic for scope follows the quest of fbi chief played by academy award winner ben johnson was the investigator who sought revenge for four fbi agents killed in a kansas city that helped gangster frank to escape justice at large were the men who supposedly plotted that including expert john dillinger warren pretty boy steve and psychopath baby face nelson richard dreyfuss dillinger eventually joined forces with and nelson taking along homer van harry dean and harry geoffrey lewis he also hooked up with michelle phillips a prostitute of french and indian while taking place over several months in is basically a chase film with looking to run down and kill off the men wanted by j edgar hoover br br has a documentary feel listing dates and places while johnson supplies loose narrative as keeps an honest depression look using authentic fashion cars weapons and buildings he also around black and white photography and stock footage of gangster the film is never boring moving at a quick if pace the action scenes are edited competently by fred jr in his last professional effort thousands of blank rounds must have been used to make this film not to mention pounds of this film is certainly not for the with people getting shot and dropping dead all over the place the violence while gratuitous brings some understanding of the mayhem that organized crime dumped on american life br br this film never its exploitation status however because the needed writing just isn't there john somewhat overrated as a filmmaker places way too much emphasis on action the action scenes mostly blood filled are impressive and comparable with any major crime film of its era including and clyde ' but we simply don't get to know much about dillinger and his gang members as people the vital relationship that develops between dillinger and is barely touched upon with the pair meeting in a bar during one scene and as lovers just ten minutes afterward also seems to wander in and out of the storyline becoming a prominent figure only when needs to keep the film from all too often the film takes on a shoot 'em up persona when its characters could have been explored in detail br br aside from this the main crime is ignorance of historical fact while many say that is just a film it's films such as this one that create and make them permanent those with knowledge of gangster history will point out that john dillinger was not the last of his ring to die as screenplay and the film's documentary style encourage us to believe in fact dillinger died before baby face nelson and homer van he also was said not to be carrying a gun on the night of his death nor did he have in while these inaccuracies might make for high drama there is no reason why couldn't have stayed with the facts and written a great story around them br br warren performance as dillinger is quite good although he sometimes looks unconvincing is humorous and nicely portrays how dillinger became consumed by his larger than life image in the american press however we never really feel the menace he in his lifetime ben johnson gives some life to suave but rather flat michelle phillips brings emotion to the character and it's really too bad that screenplay didn't flesh out her relationship with dillinger we never learn what drew her to a cold blooded killer other than the stereotype of an easy going girl who is attracted to men of danger the supporting roles with dreyfuss lewis and a briefly appearing are acceptable for such talent br br as a piece of s exploitation appears doomed to bargain which is exactly where i picked up dvd release for the film is nicely presented in widescreen a must for drive in flicks with subtitles in french and spanish theatrical trailer is as a lone extra largely forgotten except by gangster movie fans and drive in the film doesn't really call for much else in way of material for fans of the genre it's certainly worth checking out br br out of br br reviewer www com paul,0,1,0.8890395,False,0.8890395
i have a two year old son who suffers from the same condition as kennedy i never got the chance to meet him but i have never heard anybody say a bad word about him i hope he knows how much the making of this programme has helped his fellow by raising awareness of this terrible condition this man has touched people in a way that a million charity could not i believe that this should be viewing in schools i also agree with other comments what have i got to about he took everything that life could throw at him and still managed to retain a sense of humour god bless i couldn't watch the part that showed his being changed i have enough trouble with my son's,1,0,0.113232076,False,0.8867679
hasn't exactly been blessed with movies that justify the quality of his writing recent adapted like have ruined great writing but the mother surpasses all his previous even my beautiful a middle aged woman widow hood by having a very relationship with the boyfriend of her emotionally weak daughter the fact that you believe all this is credit to the quality of the acting as it is to the gift of the writing and in daniel craig we have a gruff anti hero who the audience to ever question why a young stud would contemplate a grandmother beautifully shot the film fails only in the weak depiction of the characters but as a study of lust it's a winner,1,0,0.11410513,False,0.8858949
good western filmed in the rocky arizona lots of tough guys throughout character seemed to rock back and forth between a raging psycho and a laid back type several holes appeared in the picture but not enough to it being exciting and worth seeing one really dumb scene shows heston cases of their and collecting it in a sack for the purpose of starting a fire a to gather that much he would have needed a pack to carry the b the grass was obviously dry why not just drop a match on it and let rip,1,0,0.122481145,False,0.87751883
i've read through a lot of the comments here about how this movie sticks to the book i don't think any of them have actually read it edgar rice wrote about a dangerous african jungle and apes were killers and hunters we know differently now and this movie portrays apes in a more modern view i've never seen a tarzan movie that even comes close to vision maybe one day hollywood with trust talented and respected authors to tell the story so if you've never read the book and enjoy a good story about feelings and a bunny view of wild animals maybe a good cry see the movie i hope john carter of mars more respect than tarzan has we miss ya edgar,0,1,0.8768954,False,0.8768954
tara reid as an intellectual christian slater usually great as a dollar store and stephen as well it's stephen for christ sake i personally just want to thank those brilliant casting directors for the hard work and effort you guys are on an idea just my humble opinion as the movie going public but it follows directly with your previous choices a movie about the most brilliant in history one to cure all ever known to man and get this the they have to be played by jessica simpson and paris hilton i knew you guys would love that seriously though you owe me,0,1,0.8765173,False,0.8765173
this film seems well made and more efforts should be made to promote films by women that aside this film is also profoundly disturbing in that it the manipulative and psychotic of a character that is profoundly disturbed if you've seen any of the material you might think this is a poignant film about a relationship that's reached its end but none of that suggests how really disturbing the central premise is br br a woman threatens suicide unless her soon to be ex agrees to here most memories of their relationship when told how unfair to say the least that such a threat is the protagonist suggests that life's not fair br br huh this character also uses tears to manipulate her former lover into staying and him into sexually oriented behavior which she initially as a motive all the while him this isn't sex br br reverse the have the leads played by gold and brian austin green and this could air in feature length on lifetime with a title like hostage to obsession there is no accepted definition of sound mental and emotional that would behavior in this film br br props to for playing a border line psychotic manipulative ex to a t perhaps too well because there is no well person male or female who could watch this and not have run up their spine,0,1,0.8756428,False,0.8756428
this movie set out to be better than the average action movie and in that regard they succeeded this movie had spectacular cinematography featuring spectacular mountain snow and heights a very fit stallone putting in a good performance as well an exciting plot and a great performance from it's main villain he will really shock you with his evil ways the movie does not rank an all time great of the weak screen play the plot and story cries for this movie to make stallone an extra special human much like the rambo or rocky or bond movie characters they chose to character in this one which is ok but considering the style the excitement factor also the dialogue was cheesy and condescending at times the script should have been more realistic and less talky another weak point was the unrealistic shooting scenes the movie makers should have been more how they the shooting hits and misses they should have continued the quality of the scenes of the shooting sequences during the plane early in the movie instead they decided to water down a lot of the shooting sequences ala a team tv series as soon as the villains set foot on the mountain tops this movie had a lot of all time great potential action sequences better dialogue and more rambo rocky style emotion determination from stallone would have taken this movie to a higher level i know this was not fault i sense the movie's director wanted to tone down character and try to steal the movie by taking credit for his direction which was not all that great if not for his cinematographer a good movie though,1,0,0.124618165,False,0.8753818
a very comical but down to earth look into the behind the scene of an australian club the way they deal with various problems such as and general running of the club not to mention the car parking dilemma was well scripted,1,0,0.124622166,False,0.87537783
i waited ages before seeing this as all the reviews i read of this said it was horrible i rented it expecting the worst and while it is hardly the best sandler film out there there are much worse sandler frequently talks to the camera and the film does not take itself seriously but that is all part of the fun a great way to waste an afternoon and you might even find yourself laughing once a twice a good film well worth renting,1,0,0.12509225,False,0.87490773
i read that jessie was approached and turned down co starring with fred astaire in damsel in distress jessie in her prime never left her side of the pond to do any american musical films if they had teamed for this film it would have been a once in a lifetime event br br it's a pity because damsel in distress has everything else going for it fred astaire story and adapted to screen by author p g burns allen for comedy and songs by the gershwin brothers in answer to the question by the nice work if you can get it there isn't much you could ask more for this film br br except a leading lady though ginger rogers made several films away from fred astaire damsel in distress is the only film astaire made without rogers while they were a team young joan fontaine was cast in this opposite astaire br br her character has none of the bite that ginger parts do in these films all she basically has to do is act sweet and she also doesn't contribute anything and if i had to rate all the dancing partners of fred astaire joan fontaine would come out at the bottom the poor woman is just horrible in the things are looking up number br br when she co starred later on in a musical with bing crosby the emperor it's no accident that fontaine is given nothing musical to do br br the version i have is a one and in this case i think it actually did some good the lush green english countryside of p g is really brought out in this vhs copy especially in that number i mentioned before with astaire and fontaine which does take place in the garden br br burns allen on the other hand as a couple of old vaudeville troopers astaire in grand style in the stiff upper lip number the surreal fun house sequence is staged br br p g runs the gamut with at her best and for once love as father as a nice man on film br br the biggest hit out of a damsel in distress is a day maybe the best known song about the british capital city since london bridge is falling down done in the best simple elegant manner by fred astaire it's one of those songs that will endure as long as london and even after br br the young and inexperienced joan fontaine a damsel in distress rates as a classic classic score classic dancing classic comedy who could ask for anything more,1,0,0.12550688,False,0.8744931
while on a vacation at the beach red haired brothers michael and billy as arthur and find a seal the their sammy and spend with the sandy sea lion when it's time to go home the boys begin to suffer anxiety young mr decides they can't take sammy back to er but young mr packs him anyway at home they try to hide the way out seal from adults and of ensue br br sammy the way out seal norman michael bill robert,0,1,0.87446505,False,0.87446505
rohmer from his usual of french middle class to tell this costume drama about the difficulties of an aristocrat lady during the french revolution what's more attractive about la apart from the story itself is the fabulous that rohmer has achieved the images have been too make them look like pictures in some moments you can't really say whether your watching a movie or a series of pictures in every shot is like a piece of art br br my rate br br br br br br br br,1,0,0.12775376,False,0.87224627
the curse of monkey island released years after the success of monkey island you would think with monkey island ending that it would finish monkey island once and for all but it all turned out to be a trick to lure into but enough about that the whole of this is that monkey island has returned and the voices are just if were to make a movie cartoon of monkey island this would probably be what it would look like and sound like it's plot is real good and everything about it is just awesome if you haven't heard about the monkey island series buy the monkey island or the monkey island pack and play through all the games starting with the secret of monkey island then monkey island and the curse of monkey island monkey island was real good but this one tops them all,1,0,0.12836911,False,0.8716309
there is a lot to like here the actors are first rate and the script provides good dialog best capturing the ambiance of a tightly likable family however for that reason the film does not ring true we see leo who apparently just learned of his hiv positive essentially react in a way that is not in tune to the supportive atmosphere for which he finds himself as well the film ends somewhat abruptly avoiding what leo his brother and the rest of this close family must have dealt with in light of their love for him the young actor who plays brother marcel is impressive as generally is the rest of the cast unfortunately the could not decide they wanted an insightful on the effects of hiv on a appealing family or what the hiv is on the victim so it only hints at both while this film provides food for thought it leaves the viewer wanting much more than it delivers,0,1,0.86874247,False,0.86874247
considering the appalling track record of mick since going out on his own i had rather low expectations of even the posters for the movie had me nervous in fact if it wasn't for the fact that i'd received free tickets to the preview i would have the pressure from the who thinks a hunk there's a worry to pay money for it br br the first few minutes of the movie had me worried it starts with one of tired get angry at insignificant things routines but that was given a neat touch which at least made it a little refreshing the rest of the script was pretty good and very light hearted even the typical mick and lucy humour was delivered well and whilst i never had to pick myself up from the it generated a lot more chuckles that i was expecting and it was br br there's nothing new in the plot pretty predictable but it moved along quickly between one liners and other jokes i never felt it on any element too long or too short mick must have worked hard on his script there were a one or two late show in jokes and one or two jokes that only would get but certainly there's plenty of generic stuff in there for a wider audience br br something that i found disappointing was the relative of john clarke he just didn't seem to work as the bad guy but that doesn't detract from the movie too much br br over all i enjoyed this comedy and was pleasantly entertained for the duration of the movie i left the cinema with a decent sized grin a pretty hard thing for an australian comedy to do in my books br br,1,0,0.13176863,False,0.86823136
it opens with your cliche overly long ship flying through space all i could think at this point was and hoping be a on back that said we break for nobody the movie then shows some with narration i've always thought his voice sounded cool ever since i saw fast and the furious from when i found out he was as criminal i thought the movie was going to be cliche it was it was very cliche and fate seemed to be against them at every turn black out every years lucky them they land on that day aliens can only be in the darkness hey it's a as much as i thought it was too easy and just a cliche the movie pulled through and kicked major ss i even went out and bought a copy of pitch black after seeing it i really can't wait for chronicles of,1,0,0.13318537,False,0.8668146
i have nothing against a fast paced fright flick but this stephen king derived nonsense is too too bright and modern the plot about a new teenage boy in a small town who is a sort of a cross between a vampire and a werewolf and who on the blood of female begs for a more mysterious ambiguous treatment this thriller is given an colorful look and feel with hardly any atmosphere the kids are predictably pretty and energetic but the big plus is alice as the boy's mother from ghost story never broke out of the filler female mold and it's a huge loss that she hasn't been used more her performance is creepy and intense and gives hint that been a much better film with a different focus and direction it's too over the top and driven with an uneven tone that wildly from thriller to comedy to drama stephen king pops up in a cameo as do real life directors john and tobe hooper from,0,1,0.8661625,False,0.8661625
let's see in the st elsewhere finale we found out that there was no hospital and that every thing had been in the mind of an child ended by telling us that it had all been a dream and ended by telling us that it all had taken place in her mind very creative annoying was more like it yes it was just a tv show and wasn't at all reality it's just that when you get caught up in a great movie or tv show you end up at least wanting to believe that it's all real at least as far as the reality it portrays on screen this type of series finale had been done twice before and was old hat frustrating and simply not fun to watch now being all a dream at least done in a creative way that far the expectations of anyone who loved the show the idea itself was not too engaging but it was so brilliantly done that its arguably the best series finale ever left me feeling cheated after being such a loyal fan,0,1,0.8634489,False,0.8634489
it a bit peculiar that a story that is placed in a part of where a very high of the local residents is from an asian background does not even show one asian or african person not even as an extra that fact probably describes norwegian race relations in general however br br no spoilers only a brief description br br buddy portrays four young people living in a flat share in the protagonist are two young men that don't manage to direct their life in any serious fashion and one might say that the film could be about being and avoiding responsibility a sort of fear of growing up the narrative plays on typical teenage dreams and fantasies and lifestyle role models quite the clich although the story is mildly funny the acting is good and as a one can sort of identify with the characters situations and complicated love affairs i don't find the story or the characters very believable to polished and lacking in depth this film uses all the classic audience pleasing tricks to make an entertaining film that has as much intellectual depth as yes that show on tv br br has norwegian film finally found its identity audience in well known american style br br how about watching lukas together,0,1,0.863187,False,0.863187
remember a film you seemed to enjoy in the past that doesn't quite meet those same feelings as an adult that occurred to me when i went back to school the national class reunion the film has a perfect opportunity for laughs but surprisingly wanders as we see a bizarre collection of characters such a woman who sold her soul to the devil and can shoot out flames of fire from her mouth a man who appears to be a vampire and a lunatic killer dressed as a woman and wears over his head you have the class president who believes he's the best thing since bread but as we see in the film he's a coward and joke a couple of pot who don't even know they are at their own class reunion and a man named gary for whom know one even knew existed and no one can seem to remember his name this is the one running joke i enjoyed there is a who likes to grab women in inappropriate places a deaf and blind woman who has a when calling for her dog and the cook you know her from and throw mama from the train who loves to place food on people's with her hands the film is essentially about a who is or at least attempting to taking revenge on his classmates for a gag they pulled on him they arranged for him to sleep with his own twin sister the film follows the characters as they search for the killer of the old high school they were told of the killer by his psychologist who seems a bit odd himself the film has a few good gags that work pretty much early on but the film slowly gets worse each passing minute the film's true problem is that it really doesn't know where to go the film is pretty much a one joke premise for it has direction if it really has any direction at all the cast is enthusiastic enough but the material they are to make funny just doesn't have the quality to hold any interest it's a for fans of early 's comedy that are forgotten this one rightfully so,0,1,0.8619639,False,0.8619639
jason alexander is a wonderful actor but it's ridiculous to cast him as a romantic lead the fact that he dances so well so effectively and throws himself into the part so completely somehow just made him seem all the more creepy in his more moments with the girl in the train station in the final number with i couldn't take my eyes off him he was so you keep expecting him to drop the nice guy act and vanessa williams was the real star the only performance that was better than the movie by the way if you see a production of the stage musical the movie and this movie you'll see three versions that have more different songs same songs assigned to different characters and in different situations than any other musical i've ever seen,0,1,0.85907745,False,0.85907745
this story had a good plot to it about four elderly men that share a deadly secret concerning a young woman that they met years ago after all this time the young woman returns to seek revenge on the men this story occasionally made me nod off during the movie in the middle of elevator music and the ever so consistent thunder but it is well worth the wait in the end when we find out just who the mystery woman is that keeps the old men in their dreams and in a young man's life the most of what i liked in this film was the suspense in which the young woman appears to the men just before their deaths the special effects were something every time i heard her call out to them i would think not that face again but it was a good movie i just wish that the pace was not as slow or the acting not as tiresome and what i also liked about the movie was the flashback of the very authentic as well as the costumes being original,0,1,0.8577049,False,0.8577049
a tough sell british playwright ronald his stage drama into loud film about wwii shakespearean theatrical with an aged brilliant but star at the end of his the actor's assistant works to get his master and for a production of king during an air raid yet both men are losing their grip on their situation based on the years of actor donald whose was ronald this acclaimed production would seem to be a welcome for scenery chewing unfortunately albert finney at this point in his career not at all elderly seems too and quick thinking to play the actor finney and oscar nominated director peter cannot and of in a way that makes sense to us so that in one scene he's stopping a train with the commanding echo of his voice and in the next he's curiously falling apart with such a wreck of a human being in the midst of failing health and one would assume a dedicated assistant would go to great to protect his boss and his future yet servant tom and and finney to carry on rather than rest who played this part on stage and was nominated for an oscar alongside finney for best actor is far more to his role and eventually his and confusion achieve the only real feeling in the film these two thankfully do not peck at each other's heads and is careful not to fall into a love hate pattern which could possibly be perceived in the film's first act but without a of servant vs celebrity there's nothing much to behold in this portrait except for the of the hint at what once was from,0,1,0.8532822,False,0.8532822
contains spoilers br br garfield and his owner jon were in a they basically had no life at all all they did was lay around and count the ceiling jon even organized his according to color and fabric he needed a life so he a book on the subject that tells him to meet a woman a bar was a great place to unfortunately when the music started and jon hit the dance floor we see what made disco die jon killed it jon next tried to pick up girls at the video store he ended up feeling down in the mouth literally the was no prize either when jon and his would be date get a glimpse of each other's underwear jon tried to act all buff at the beach but soon he a real buff guy which left jon feeling once again down in the mouth literally jon then tried to pick up girls walking and by no jon pulled out a guitar and sings the blues unfortunately when he mentioned his cat being fat a fat man walked up and guitar it was hopeless br br fortunately for jon an ad on the tv an ad for school for the personality it guaranteed a lifeless person to get a life in a few easy steps jon and garfield attend the class the building didn't exactly look the same way it did on tv nor did act as as he did on tv jon sat next to a pretty girl named so while taught his lessons of introducing yourself checking your pulse and pretending to speak a foreign language jon and get to know one another they leave together forgetting all about garfield at home jon and just sat on the and talked garfield was jealous of for fear that she would take jon away from him garfield the future jon and get married she moves in and soon she gives birth to a little who is at pulling tale back to the present garfield would not stand for it he tried to get jon to get rid of until she started scratching behind his ears but then jon learned that was to cats so that was basically the end of their relationship but they still saw each other every now and then and garfield was sure to be with them br br another hilarious garfield tv special this one was made during the run of tv's garfield and friends garfield was down somewhat somewhat since early 's cartoons the scenes of jon trying to pick up chicks is funny so is the one where the fat guy on guitar good ol' music is back as garfield huge is jon frank the third man of voices is and june the woman of voices is if you like garfield then i recommend you see garfield gets a life today it along with here comes garfield and garfield on the town were just released on dvd so check them all out today you are guaranteed a good time hey has garfield ever let you down before br br,1,0,0.1478409,False,0.8521591
instead of watching the recycled history of pearl harbor with nothing new to reveal except for a couple of real events involving a few individuals thrown in so the makers of the film could say they contributed to the spread of history along with nothing but cgi explosions filling in for a sappy romantic triangle one should go see dark blue world br br this film takes place during the historic time in wwii which the czech pilots left their and went to fight for the instead of laying down their arms and giving in to the nazis it was a part of history that should at least be told once to the outside world a love triangle takes place between the main characters but one of them does not die off conveniently like in pearl harbor but through sacrifice for true friendship the movie is tragedy after tragedy with not even a bittersweet ending with our hero not enjoying glory of taking his country back the return of love by his current lover the return of love by his reunited lover or even the return of love by his life long pet he is utterly and feels no worse off in the russian labor camp this kind of ending is something that hollywood would probably change if it was their script br br the movie does play on the sentimental sometimes but it also shows the humanity of people overall a worthwhile movie,1,0,0.14813878,False,0.85186124
freddy has come up with a storyline which will suit the mood of the about russia a nasty guy as the president who wants to return the country not so much to communism but more to in fact his political could have come straight out of rather than marx and the has the latest weapons of destruction to achieve the ethnic of the russian american with the russian to realise his dream but then enter dirty pat and yep things get really down and dirty he's a former us turned drifter jason monk who is by the british government to see what the russians are up to as a corny character who is no monk has a russian beauty played by the gorgeous on his previous missions to the former state does a passable job in setting out to defeat the evil russians but young unknown actress steals the flick as his year old russian daughter who helps dad root out the terror threatening her beloved mother russia,0,1,0.85062927,False,0.85062927
scooby doo and the monster of mexico was no doubt the weakest of the modern scooby doo animated features monster is a considerable improvement br br this time the gang head off to scotland to see the games and visit blake castle home and wouldn't you know the castle happens to be in the fishing village of on the of br br during their stay they meet a few interesting folks first there is a scientist who has drowned all of her money into finding the monster br br sir ian the boss of the national museum of scotland he is non believer of br br the the own a on the of the the sons are a couple of local always into br br del a wild paranoid hippie dude who is convinced the monster is out there and will stop at nothing on find her br br and finally the master who has seen too many times to count br br most of these characters are stereotypes which gets a bit annoying as this is teaching younger audiences a load of crap and giving the wrong impression however if you can yourself to it you'll be alright being from scotland i can't help but at the awfully scottish accents fact we don't sound like that br br soon enough looking rather more demonic than shows up and causes havoc looks like the gang have another mystery on their hands the usual chase scenes clues and wacky follow there are plenty of laughs the animation is splendid with some atmospheric scenes and locations and the plot a lot better than monster of mexico br br the only bad thing this time around is the music i miss louis and the songs here are pretty rotten too where are the girls when you need 'em br br the region dvd is in crystal clear widescreen the region ain't with sound some okay extras are included definitely worth getting,1,0,0.14948682,False,0.85051316
first of all i'd like to say that i love the man sketch on snl i always laugh out loud at tim portrayal of leon however there is a difference between an minute sketch and a feature length movie watching leon doing his show and making obscene comments to his and coming up with all sorts of segments for his show like the ladies man presents which is reminiscent of alfred hitchcock presents is absolutely hilarious there's a great episode where cameron diaz role plays monica and leon plays bill and they call it the office see that's funny br br in the movie we don't see leon on the show too often in fact he gets kicked out of almost every radio station in the country and the plot revolves around his quest for true love involving a mystery letter that got dropped off at his signed by sweet thing parsons who is famous for playing on fresh prince of air works with him on the show and has a secret crush on leon the movie just on one boring subplot after another and the gags are boring as well the first time we see leon mention the word wang it's pretty funny when he uses it over and over again supposedly trying to get a laugh the joke has run dry most of the jokes he uses in the film are jokes we heard before and done better on the snl sketch and played out for a whole hour and twenty five minutes they even try to insert a musical number by will ferrell and his gang of man who all want to destroy him because their wives had an affair with him to bring some life into this witless comedy ferrell has some funny moments and tries to make the best out of an otherwise unfunny role ferrell just has that unique comic talent and he's funny at almost anything he does even moore gets a cameo watching her you can't but wonder what the hell is an oscar winning actress doing in this movie her name wasn't mentioned in the opening credits probably by her and of course a movie of this theme has to include the master of love himself billy dee williams billy dee is charismatic as always but even he can't breathe enough life into this film i also have to add that the soundtrack is full of soft r b hits which the film even more giving it a horribly downbeat tone as if the script isn't boring enough i mean this is supposed to be a comedy the soundtrack would've been appropriate for something like love jones br br the ladies man only has laughs there are exceptions in which snl can produce a great movie out of a short sketch watch both of the wayne's world movies and you'll see how it's done but this movie just like adapting mary catherine character to screen in superstar shows the flip side some sketches are meant to be remembered on snl and not on the silver screen br br my score out of,0,1,0.8498599,False,0.8498599
now this is classic a friend of mine told me about this flick saying that it's incredibly lame stupid retarded and moronic he also said that i'd love it br br to my surprise i found it available from netflix and rented it at once i'm just shocked that i had never heard of it before if i could give it an eleven i would br br,1,0,0.15150659,False,0.8484934
yes we all know about dan odd little fascination with making shows with young kids and is no exception see young girls their and stick their out for the camera and wear skimpy clothes and yes it makes you wonder if these shows were made for teens or for some older crowd either way the show isn't that good when compared to dan other shows like the far superior amanda show drake and josh br br the show is about a brother and sister and spencer living alone and having to get by on their own while their father is off in the army and their mother is strangely absent from their lives has a mean spirited friend named sam and they do a very well produced award winning web show called with their little school friend the episodes deal with their lives in and around the web show and their hi at school br br is a young all knowing web personality business woman producer played by miranda a young actress who relies on talking very very and fast to get her point across and making odd faces her brother spencer is a somewhat mean spirited dim wit and eccentric artist played by jerry who tries a bit to hard to be like jim carrey and whose comedy style seems to be aimed at the young male audience who'd like this type of joey humor then there's sam an unlikable mean little lying thief of a brat who needs an attitude played by who clearly wears hair as you can see them disappear then from scene to scene and finally there's benson the web shows nerdy cameraman and technical who has a major crush on but will obviously get nowhere with her who's played by nathan br br other secondary characters come and go such as mother grandfather annoying teachers and many of their annoying little school friends to round out the cast most of the comedy is mean spirited like blowing up the as a gag throwing a water balloon at a teacher and knocking over the table of young girl selling all of the adults come off as complete idiots while the children are all knowing and certain main characters have absolutely no morals lying cheating stealing and violence all are acceptable in this children's show created and written by dan schneider yes it's a children's show what more could the young viewers ask for well with dan schneider we can expect to have the young girls dress in tight clothes and and do some odd things like sticking their out for the camera and eating br br shows like this are just what the young crowd likes though and i guess no worse then any of the other garbage nick at its young crowd there's always fans to be found for anything seen on tv at least this is a bit better then most of the stuff seen on nick like that horrible naked brothers show,0,1,0.8483427,False,0.8483427
woody allen has made some of the greatest comedies ever and i would seriously consider saying that annie hall is the greatest movie ever but if i really think about it i will probably think of one or two that are better but it would be hard he has had of course some films that aren't quite good but not that bad either like manhattan murder mystery and sweet and but he has never before had a film quite as bad as melinda and melinda not quite so tired and so unfunny his films are usually witty and hilarious but how did this happen is it still our good old woody the plot runs around four friends who are having dinner together two are play writers and one of the others mentions a funny story that happened to a friend of hers it is about a young woman who bursts in on a dinner party unexpected we never hear the rest because the two play writes to debate whether it would make a better comedy or tragedy than we begin to see the two points of view both center on this woman named melinda who is having trouble both with drugs and with her ex husband in the tragedy she is an old family friend who after attempting suicide decided to show up at her old best friends front door for no apparent reason the comedy is about who stumbles in on the dinner party after popping sleeping both go on a wild wind of events that never really make sense or fit together or make you laugh more than once or twice there are some nice performances by mitchell and will ferrell but they can't fit it together on there own they stop it from sinking down than most of the other films this year,0,1,0.8479486,False,0.8479486
br br since cats have nine lives i'll give you nine reasons to see this movie br br the and playing the piano together so unbelievably cute the car chasing dogs and jumping like every time he wants to be like a tough alley cat marie while alley cat her mom cat and his jazz band singing wants to be a cat stupid but proper and nice english and who make the cats walk like the magic carpet which puts the cat to shame the brave journey to ask help from alley cats edgar the butler chase scenes and transition from a nice guy to an insane cat due to cat plan gone bad,1,0,0.15211605,False,0.84788394
mario lewis of the enterprise has written a definitive page point by point line by line of this film which should be titled a convenient lie the website address where his report which is titled a guide to an truth can be found at is www a shorter page version can be found at www once you read those you'll realize that alleged global warming is no more real or dangerous than the scare of which gore also as he did the pseudo scientific film the day after tomorrow which was based on a book written by alleged as james the amazing does to and philip does to and does to idiocy theories so does mario lewis does to al movie and the whole global warming,0,1,0.84783196,False,0.84783196
after seeing the movie i feel the father and the mother are both reasonable person although not perfect at all on the contrary i don't like the author and his two sisters br br is a person's an accurate portrait of herself no most of time people only write problems in her because she want to solve the problem so a is always a more negative side of a person in this movie the author judge his mother's life by her not a wise choice br br the author's elder sister is so ugly and internal first she said her father's second marriage is not fair for her mother then she said she doesn't love her mother so she don't love both father and mother i doubt she love anybody in the world her face is so ugly just a reflection of her heart through out the movie i feel the author and his sisters are lack of love and respect to their parents however i feel the father are mother are very loving to their children even the author try to portrait them as cold person,0,1,0.84665513,False,0.84665513
when the new outer limits first started the episodes were quite optimistic and challenging as the series began to wind down most of the episodes became just plain ugly and devoid of any entertainment value the six episodes here reflect the very best and worst of the series br br since the outer limits always a moral i would like to offer my own starting with the most entertaining to the br br as an institution the u s a military industrial complex is both evil and paranoid not to mention plain stupid however individuals with great integrity do serve our country and they will their conscience even at a mind cost in the end the aliens don't need to say a word those without a conscience are fools who are to be held in utter contempt br br a truly episode one that should be shown on prime time television for all to see this might be a revelation for some but folks without a conscience should not be allowed to serve in our military nor do the ends justify the means br br theory a good person may be forced to make a split second decision between good or evil in order to save the lives of intelligent beings and at great cost to one's self what makes this decision all the more difficult is the stark choice being with exotic alien strangers who you can't even communicate with except through gestures or going along with a group of people you think will keep you safe from unknown dangers even if they are ruthless and devoid of compassion br br this episode is brilliant what this is good old fashioned greed this episode is one of the most of capitalism and the environment i have ever seen in my lifetime unlike real life justice here is served and br br one of the most memorable lines is when the ruthless corporate thug said something to the effect we did the same thing in the amazon war to the killing of indians who were attempting to protect their rain from being strip as justification for killing again literally in the name of the survival of the something never meant to be taken literally br br alien shop tremendous power can be used for good even from an exotic alien this power can be used to instead of destroy mere can learn from their mistakes even a criminal can see the light if given enough opportunity to do so br br sometimes it takes strong medicine but we all can wake up and change our self destructive ways br br the an alien can be a christ like figure in the distant future slavery can be justified once again in the name of basically good people can be sometimes a person needs to be experience great shame in order to see the evil he she is committing children are closer to the truth than adults those with political power have tremendous responsibility another work of genius as a species do human beings learn from history br br flop number quality of mercy loose lips sinks ships when in war kindly keep your mouth shut about important military plans gee did i really need to watch an hour long soap opera in order to figure this out i wonder did the makers of the outer limits run out of ideas or did corporate pull the plug dark and ugly serving no purpose but despair br br flop number beyond the so bad there is no moral but this when locked up in a mental hospital use some common sense please this episode is so bad it what an x files rip off don't waste your time on this one you'll thank me later br br it's a sad commentary that the outer limits went down the toward the end of its run episodes like the first four could not last forever it was a miracle they were made at all hopefully someday other brave souls will follow the outer limits tradition into new territory br br if you happen to be such a daring person a good place to is with one unique book of wonder a critical guide to science fiction edited by neil as far as i'm concerned the most book ever written on the subject,1,0,0.15526679,False,0.84473324
the of the story is that the main character needs to win a public kung fu with high stakes the flesh of the story consists of lots of fighting a love triangle and revenge br br there is a lot to this story the main character is very likeable as an even mild mannered and very tough country boy a good versus bad movie is only as good as the villains and the main villains are tough and smart not to mention ugly and br br if there is one weakness it's the scene where the of the main character is imagining her and the protagonist running towards each other in a field and when they meet i thought i was watching the sound of music for a second and nearly lost hope for the movie luckily the movie quickly with a fight scene,1,0,0.1553648,False,0.8446352
i can never figure if this is the soap opera ever produced or the art movie no matter john is utterly ravishing novel is not reduced but for once to film if there is a fault it is in the original novel not in anthony beautiful movie anyone who has a problem with it's length almost certainly has not read the book and probably cannot read i do not like repeating but ravishing serves the purpose br br apart from the storyline the players but it is the australian sense of light and that ultimately like some dutch master uses a blast of light where van would have used one could for cinematography this magnificent,1,0,0.15588368,False,0.84411633
this movie is not as bad as some say it is i think it s more enjoyable than the original maybe that s why some people hate it as much they dont want to admit it s a good not great movie br br most if not all fx were done by c g i which i t mind at all it was an enjoyable movie phil chris was in my opinion the best guy in the movie julie was rather attractive she brought the to the movie br br there were a lot of in the movie which i thought were good this movie is in my collection but the original is not because i dont like it as much as this one i was not bored when i watched this movie it kept me watching unlike some horror movies i could mention like oh say killer s movie thats to name but two br br this is an ok werewolf film it should be in people s collection if they like werewolf movies maybe i ll get the original at some point maybe i have only one complaint and that is phil chris should have been in it more than he was but apart from that the movie was fine br br rating for this movie an ok werewolf movie not the worst one out there br br,1,0,0.15875976,False,0.8412402
i barely remember this show a little but i remembered it was great my brother reminded me about the show recently and i had seen an for the d v d set coming out the network again screwed up in pulling this from the air so that they could put what else in it's place it should have gone at least seasons why not right i think sometimes that the network executives think they are the of the entertainment world but they guess and flat out miss good show placement from time to time let it be said that they have a lot more than this was one of the poor decisions to cut from the line up anyhow i am getting this for my collection,1,0,0.16005504,False,0.83994496
i really liked batman dead end i thought that it had a theatrical feel to it and that given a chance could make a fine film this trailer didn't quite give me the same impression the story line or potential story line was quite good but due to the acting and special effects left me feeling like this would have made a good tv movie or television show br br first michael is not that good a superman i actually thought he in his brief appearance made a decent clark kent sorry i just don't think of superman as being that buff the suit kent wore masked his size batman may have the body of a but not superman is toned no doubt but not bulk anyway i didn't care for all his posing and his transformation from kent to superman seemed now this may not be just fault may have to take some of the credit for poor scripting and direction br br second the special effects for flying were superman flies through the sky if was obvious that this superman flew close to the ground with the and buildings visible above him i don't think there were any full body shots of superman flying evidently the and supporting must have been located on his lower br br all in all it was a good trailer i'd probably pay to see a film if ever made and would be sure to catch it on television the story line an alliance between and wayne superman jealous of attraction to wayne lex and to beat superman and the joining of forces between batman superman is a good one i'm sure with a larger budget and for a full film and company even could deliver a decent film certainly one better than the most of the comic based crap coming out of hollywood lately,1,0,0.16185686,False,0.8381431
john wayne albert compete for oil rights on indian territory and for the attention of martha scott in this republic pictures film shot out of usa br br an interesting western of sorts due to its characters and its more modern setting with wayne playing the old and new of the west it's based on a story by who co writes the script along with and hill albert directs in the way that his career a pretty mundane story is in truth saved by its final third where thankfully the action picks up and we are treated to something resembling a pulse the light hearted approach to the romantic doesn't sit quite right and a glorious fist fight between the two protagonists is ruined by being unable to disguise the stunt men doing the work but hey stunt men deserve their moment of glory always solid support comes from george hayes and wayne as usual has much screen charisma particularly when off his pistol but in spite of its better than usual republic budget it remains a film of interest only to s wayne,0,1,0.83759385,False,0.83759385
david mamet is a very interesting and a very un equal director his first movie of was the one i liked best and it set a series of films with characters whose perspective of life changes as they get into complicated situations and so does the perspective of the viewer br br so is which from the title tries to set the mind of the viewer to the usual crime drama the principal characters are two cops one jewish and one irish who deal with a charged area the murder of an old jewish shop owner who proves to be an ancient veteran of the israeli independence war the jewish identity in the mind and heart of the jewish detective br br this is were the flaws of the film are the more obvious the process of awakening is theatrical and hard to believe the group of jewish is operatic and the way the detective eventually walks to the final violent confrontation is pathetic the end of the film itself is mamet like smart but disappoints from a human emotional perspective br br joe and william macy give strong performances but the flaws of the story are too evident to be easily,0,1,0.8373856,False,0.8373856
clock is a gripping suspense thriller that's a cross between a virus movie and a disaster film this movie which aired in two parts on nbc in its debut showing in is about an airplane flight that becomes infected with a virus when one of the passengers just happens to be carrying this disease the u s government on whether the plane should be destroyed or not while the pilot richard dean anderson and a virus expert daphne try to figure something out to avoid disaster i'm not really a big fan of tv movies and miniseries but i liked clock it's one heck of a thrill ride jane tv's robert and edward as the president also star br br out of four,1,0,0.16377275,False,0.83622724
sometimes they get lucky and have a hit on their hands wayne's world the first one not the second but most often they have it's pat comes to mind rather quickly this time out it's tim meadows as the ladies man this movie falls somewhere in between a hit and a dud it was very funny for the first minutes but then as usually happens with snl skits it starts to slow down before finally ending long after it should have br br tim meadows is leon a radio dj with a show called the ladies man he answers any and all questions dealing with sex and relationships usually in the way possible everything seems to ultimately come down to the butt after pushing the buttons of the station manager leon along with his producer julie parsons gets fired and needs to find another job out of the random blue comes a letter from one of his ex ladies the letter offers him wealth and luxury for the rest of his life the only problem being that the letter isn't signed so leon needs to track down all the women he's been with to find the woman of his dreams but sometimes as billy dee williams says in the film the woman of your dreams is standing right in front of you there is also a sub plot about a bunch of guys who's wives girlfriends have all slept with leon and they want to first figure out who he is by a he has on a part of his then kill him leading this bunch of guys is surprise will ferrell from snl first off i thought the sub plot was rather lame the singing and dancing stuff was just completely worthless i usually like will ferrell but here he just never for me and the rest of the guys were just who along and in the end all decided that having their wives girlfriends cheat on them was in fact their fault so back to the main story the story basically centers around leon and sex so what it comes down to is if you don't like the character of leon you won't like the movie his voice his mannerisms his dialogue is what carries the movie i am not a big fan of tim meadows i never thought he was a particularly good actor on snl the only thing i ever really liked of his was his ladies man skits but the best thing about those is that they usually involved the guest host remember the one with cameron diaz and they were short for about minutes they were pretty funny and here for about minutes it's really funny what i thought was good about the character in the movie is that he stayed in character throughout he never from his wanted to just get laid persona until right at the end where there was this transformation and the ever present speech to tie things up other than that it was pretty good at keeping leon as leon and not changing him into something less crude than he was there isn't a lot of substance to this movie if you couldn't guess but like i said earlier the beginning of the movie i found to be very funny some real laugh out loud moments all revolving around sex and his the problem of course with this movie and most other snl spin offs is that these are characters that are only supposed to be shown for a few minutes at a time the concept into minutes is very difficult that difficulty is obviously why they needed the sub plot because without it this movie would have been a little under an hour when it was good it was good but when it wasn't good it got to be boring br br so overall the ladies man wasn't as bad as other snl films but it wasn't as good as others it had some funny moments the first minutes was pretty good but the rest of it dragged on there was an unnecessary sub plot whose only purpose was to the film the bottom line is if you like tim meadows and his leon character you'll be able to watch the film if he you don't even bother going unless you just want to see in some nice revealing clothing br br,1,0,0.16412634,False,0.83587366
there are similarities between ray and his last movie a dead body and its for already dysfunctional lives but whereas offered some hope and resolution leaves everything in a bleak way that will leave most viewers perhaps even cheated br br the storyline the aftermath of a discovery of a corpse floating in a remote river is based on a short story by raymond it became an element in robert altman's classic ensemble short cuts lawrence uses this theme for an exploration and exposition of relationships within a small australian community under stress the movie poses some moral questions would you let the discovery of a dead body ruin your good weekend and more for would it make any difference if the dead person was an the acting especially by gabriel and laura is commendable and there are elements of by haunting music not unlike at hanging rock br br if all this sounds like the basis for a great movie be prepared for a let down the pace is very slow and the murder is shown near the beginning thereby the element of mystery and so we are left with these desolate lives and a blank finale,0,1,0.83324194,False,0.83324194
russell acted in many films until his death in he only directed and black gold was one the other was also from frankie had a sometimes screen presence but in this he was playing a good kid he was obviously quite popular on the circuit he made so many films in this one he plays the son of an old oil who is convinced that he will strike oil very soon br br j c anderson is trying to convince the old man to sell up as he knows there is going to be oil struck at any moment a henry comes on the scene and helps dad he also convinces to go to school regularly henry has his eye on the pretty teacher this was gloria last film she had begun her career as in the american girl dad is killed when the is and henry is determined to bring anderson and his to justice when henry is kidnapped anderson tries to to sell his oil it all ends well with oil being struck and going to military school br br it is okay for a rainy day,0,1,0.83268785,False,0.83268785
i agree with most of mr comments and i just want to ad a couple of this film the is criminally neglected in its current form for that matter so is the isn't a bonus feature it's tacked on as a chapter in even though it's made very clear that this is a separate movie it should have been treated as such by the and while i m at it needs some of that same respect and cleaning up as well i got the feeling the decision to put the on there went something like this br br dude a we just transferred to dvd but it comes up about minutes short we need to put something on there that won't cost much money can you believe film critics want to be paid to talk about films dude b not to worry i have this little animation that's been sitting in my just go ahead and throw it on as an additional chapter dude a you're awesome dude b the of the is great and there's no need for me to repeat what mr done so well however this thing needs some major cleaning and especially the audio the plot comes through in the dialogue and in my copy there were so many pops and places where the sound just dropped right off i would have had no idea what the dog was going after without having read the box no amount of volume was going to make the words more understandable it just brought up the and made the and pops br br bottom line is films need to be put into a collection up up liner notes and the whole nine in other words they need to be out of for the movie not the product which would get only a,1,0,0.16747032,False,0.83252966
if we could have separate tables why not separate lies br br this becomes somewhat involved a husband is killed when he is hit by a car while on a the turns out to be the woman she for the latter was having an affair with a friend and was driving the car with the lover in it when the accident occurred to matters further the once worked for the guy's parents and he had her for stealing therefore people will hesitate to believe that it was his car that caused the accident sounds like she wants revenge br br this all becomes convoluted when our discovers that her boss was driving the car she her much to the of the officer who is working on the case br br as if this isn't enough several months later our lover rupert everett becomes ill and our lady emily watson leaves her husband tom to care for him br br the acting is quite good here despite the never ending place like theme tom is a who tries to protect his wife br br the film is a good one but we could have done without the illness o well the marriage ended anyway,1,0,0.16790491,False,0.8320951
i like the cast pretty much however the story sort of unfolds rather slowly danny glover does a good job making you wonder if he's the bad guy meanwhile the other characters are just part of the story dennis quaid didn't have as much room in the story as he could have had i thought the first scene was a bit over the top grim compared to how the story i'd watch it again though i rated it a wish i could rate it a,0,1,0.830683,False,0.830683
this movie is one of the adaptations of a fabulous book that i've seen jean novel is a fantastic book that i think is an outstanding read for any child i can't give the same to this movie,0,1,0.82905036,False,0.82905036
the war in the east as the germans referred to the ww soviet nazi conflict was a war of on the part of the germany of the german army were in the soviet union fighting their ultimate aim was to wipe out the so called sub human russian population and the mainly empty country with german after they had won br br read hitler's willing br br here we have the german army presented as innocent victims and not as nazi mass murderers when are modern german film makers going to be honest and face up to the past br br better see the russian film come and see instead,0,1,0.8284399,False,0.8284399
back in the 's when i had first seen this i was in high school it was cool then now as an adult i look back at it and i say to myself yeah right what was so funny it has it's moments but they are few and far between it is so dated that the jokes no longer stand up show this to a younger crowd and they will be totally lost if you like this type of humor you may want to stick with kentucky fried movie or amazon women from the moon tunnel vision as well as groove tube are too dated for today's viewing,0,1,0.8278467,False,0.8278467
when the film started i got the feeling this was going to be something special the acting and camera work were undoubtedly good i also liked the characters and could have grown to with them the film had a good atmosphere and there was a hint of fantasy br br however as the film went on the plot never appeared to and just rolled on scene by scene i was unable to understand the connection between the stories all i could see was the characters occasionally into each other and references to ships in without that connection i was just left with a few short stories br br am surprised it did so well at cannes,0,1,0.82704496,False,0.82704496
i have an affection for these twists on british social and it is rare that one loses me but our did lose me a bit it's a tale of social and their joy at breaking the rules but personally i found it a little dull br br i liked the though she a little too much and bennett fills the role of lady a role that bette davis could have played backwards br br but the movie comes the life in the third act when ernest joins the party he is so lively and fun and in truth probably wears more makeup then lady he gets the last line of the film and it's a gas,0,1,0.82538605,False,0.82538605
my taste in films continues to me and probably readers of my reviews but to each their own and i have a weak spot for crazy horror slasher flicks and see no evil happens to be exactly that and more i think that the biggest mistake made by producers and film makers of this film is that they hype it as a wwe film and starring kane wwe might have a big following but it's a very very specific group that follow the incredibly cheesy and sorry folks kind of trailer park sport and those who don't love it it it would make them steer clear of an otherwise typical gory slasher flick that people would come out in to see see no evil doesn't break any new horror ground it's exactly play by play typical horror with some over the top horrific bloody scenes that honestly make your screen crawl they really drive it home and go for gratuitous violence just cause there is no psychological aspect exactly although being chased by this monster has some fear elements to it br br kane the wrestler also known as plays and physically tortured man he's the ultimate cross between and jason he's not an original killer and even his kills don't really go for the unique or original with the major exception of a girl to death by forcing her to her cell phone he does a good job and the man is enormous he stands at feet tall and without any special effects is monstrous penny samantha noble michael j luke christina taylor all play the typical group of think they are teens who will become victim to the serial killer the story is that in exchange for a month off their sentence for petty crimes ranging from to drug possession they are sent to an old hotel to do community service by it up turns out a serial killer lives upstairs and he's his victims eyes to them of their sins luke stands out as a bag who in the end becomes a hero of sorts even saving his ex girlfriend who he used to beat up on the rest of them all play their perspective roles quite well but it isn't a great stretch of acting ability br br sadly porn director yes porn gregory dark does a good job putting together the modern day slasher flick he even goes into a bit of history with the killer and although his back story is not unique either in fact it's a little stale it's still interesting enough and in the few shots where the film goer is actually seeing through the killer's eyes it's interesting to hear the voices and see things distorted like he does he throws in the obligatory soft core nude shot and the grotesque blood scenes and turns everything up a notch it fits nicely and for a horror fan like myself it's entertaining serial killer is horrifying and he stalks them all down with brutal intelligence and a silent horror the film is being and on and i don't blame anyone because it's pretty crappy but isn't that the point it's a horror film and i thought it was exactly what it should be it made me jump it made me cringe it even made me turn away at several parts impressive by any standards it's entertaining with a decent story and plenty of set up to see no evil until the installment if they wanted to and i say bring it on it's true the film is full of plot holes laughable details but the deadly gore and horror over rides it all it all comes down to do you love horror films really love them if yes then you'll think this is a terrific slasher if not you'll hate it plain and simple,1,0,0.17693345,False,0.82306653
what's written on the poster is at birth he was given years to live at he takes the journey of a lifetime is an american born israeli who was with muscular disease at the age of one at age of after the love toward his years old care didn't go well he decided to come to the us to face the doctor who said that he would have only years to live he wanted to show the doctor that he is still alive and pounds why your guess is as good as mine even i have seen this film br br obviously it's courageous to live when all he can move is his left finger but why does he have so much anger toward the doctor who his disease years ago his doctor just told his mom that based on the medical history people with his disease won't live long what's the point of him showing up at old doctor's door for why is tracking down this old doctor in the us is a journey of his lifetime there are so many things we might be interested in life how can he make those animations with the movement of only one finger how can he go through daily lives while totally depending on others how did he out lived his doctor's how does he deal emotionally when other people look at him like looking at a strange creature the movie told us none of that instead the filmmaker got a van and set up a trip to let to show up at his old doctor's door in order to show him that he is still alive i thought it was a joke,0,1,0.82045037,False,0.82045037
i'm a petty officer st class e and have been in the for years and feel that this movie strongly represents the coast guard there were only a few scenes that were far fetched the most far fetched was when went down inside of the sinking to pull the captain out of the engine room that would never happen are not allowed to go inside of any no matter the circumstances second the command center supposedly in it looked more like a command center we don't have any gear that hi tech third the captain of the would not be running the search rescue cases with like people on watch in reality it would be an e or e as the and maybe other support like an assist a radio otherwise the movie was dead on i think they should have more of the other rates in the cg and their roles in search rescue instead of just based rates some of the scenes from a school reminded me of my days their and the dumb stuff i did and got in trouble for in my younger days,1,0,0.18134016,False,0.81865984
there is nothing remotely scary about modern horror which is an insult to the word horror vs jason the scream movies cabin trash and especially stephen king's attempts he's recycled every story from the to whatever often in the same story at horror in both writing and on film except for kubrick's version of the shining which actually was scary unlike king's books which are as frightening as my big toe the left one which still has the nail br br but the woman in black is that rare modern film that will make the on the back of your neck stand on end this is the way it should be done the director creates tension and the scariest ghost ever actually seen simply by having her suddenly turn up standing still somewhere or other with that incredible look on her face then he brings it all to a ghastly disturbing close he's learned his lessons from the masters who knew how to make horror val original cat people and robert wise a val and director of the haunting and the body jacques another val who directed a truly horrifying zombie film not the gross rubbish did gross isn't scary folks it's just gross and lewis allen the and of course jack turn on henry james the and the way the master of suspense hitchcock can still bring you to the edge of your seat even with a slow building and burning period piece like under br br ten stars,1,0,0.18192732,False,0.8180727
i like david artistic photographs of nude women at the border of sometimes erotic though never pornographic someone else liked them too because my david hamilton books were stolen in one book were seen a few pictures of a young boy obviously nude intimate with a young woman older than he also nude though there was strong sexual new territory for david hamilton which proved to be either stills from the movie or perhaps photos taken on set br br the art of still photography unfortunately does not automatically translate to cinematography soft focus becomes out of focus and angles become confusing perhaps because in motion they cannot be considered you either see it or miss it and there's no time to observe to comprehend the movie is supposed to be a farce and funny things do happen but it doesn't hang together perhaps because the story develops so slowly and one may wonder just what's going on eventually the year old has with his cousin but it's soft core with no contact shown on camera since it's a farce we have a disappointing virgin and an embarrassing caught in the act gag and having caught them father even gives him a cigarette to complete the experience in fairness the film is in french and to french cinematic forms which may just be too subtle for most americans even with english subtitles to help us along br br it's been suggested that this film is child pornography and that certainly results from today's climate where sexual exploitation of children is clearly a serious problem nobody in their right mind wants to or appear to the sexual abuse of children so there's practically no room left for children to be seen in even the erotic context without immediately over sexual violence and exploitation guys will think lucky even as they agree that sex and children in the movies is a bad thing all the while still wishing they could have been a at that age women too may have similar thoughts but all such must be pushed out of one's conscious mind hysterically the worst have become automatic and matters of children and sex are avoided too bad since sexual awakening is a real human experience all children do grow up and become sexual beings as does it's a fit literary subject cinema included but taboo under the threat of sexual violence against children david hamilton i think was taking a risk to make a movie on this topic even in he was somewhat successful at exploring this sensitive topic and unfortunately we're unlikely to see better in the near future for fear of the child pornography label,1,0,0.1824648,False,0.8175352
this movie is a perfect adaptation of the english flick plays the role of richard gere that of olivier and the perfect cheating wife role of lane they have changed the second half of the film to adapt for the indian masses br br even then the movie has got the full of though it couldn't catch up with the original it was a cheap soft porn of the bollywood lovers where showed a lot more skin than anyone to show did more roles like this and was even the serial killer in the future if the indian directors plan to remake a english movie then they have to look into the of the plot with the indian censors though the film bombed at the box office the actors got the recognition in future the directors should be a little more careful in a oscar nominated film br br all said this is not a family film so take the extra caution while watching it at home with family,0,1,0.81595784,False,0.81595784
my mother took me to this movie at the drive in when i was around seven years old which is thirty years ago she had no idea a family movie would be so violent my memory was of the boy's father's face of pain as he was stabbed in the stomach and killed this image haunted me for weeks i had learned that i lived in a world where a person might stab my father at anytime how could i stop them how could my father protect himself you must realise that this stabbing is not fantasy to a seven year old it is as real as witnessing an actual event and has no place in a child's innocent mind it is sad that we still do not understand the impact that bringing violence into the lives of our children has both on our children and our society if only parents would protect their children from images of violence with the same that they protect them from images of nudity and sex,0,1,0.8155419,False,0.8155419
nobody truly understands the logic behind the of italian zombie flicks but honestly why would we bother every single film in the zombi series delivers great fun nasty gore and gratuitous shocks and zombi is no exception to this despite all the production difficulties that occurred whilst shooting this film began as an interesting lucio fulci project who had to elaborate further on his zombi success but it ended up being a typical bruno mattei product with more flaws and stolen ideas from previous films the screenplay is hopelessly inept and ignores all forms of continuity every ingenious idea from george a romero's night of the living dead and the is shamelessly repeated here and the acting performances are truly miserable and painful to look at yet all this didn't upset me for one moment because the sublime over the top gore for everything on a secret army base at the scientists completed the virus death one and prepare it for transport after a failing attempt to steal the virus the infected corpse of a terrorist is and the zombie the entire population of a nearby tourist village the last group of survivors has to battle and strong zombies as well as soldiers in white that received to kill everything that moves in the area this movie is comparable to nightmare city truly bad but incredibly entertaining with fast paced action sequences and several very creative zombie madness situations the undead birds were original for example and the whole zombie birth sequence at the deserted hospital was pretty cool as well the infamous flying head scene is not nearly as awful as it's made up to be and it belongs perfectly in this cheesy and thoroughly pleasant italian zombie flick recommended to the fans don't mind the negative reviews,1,0,0.18651073,False,0.81348926
i am frankly surprised how little has been done in film on the massacre there isn't a major documentary very puzzling fortunately we are with the talent of ben who directed zero day and gus van who did the equally fine elephant two different takes on the event which have in common the idea that the real cause of the massacre will always be a mystery that there's something ultimately and about the motivations of the two killers and what actually drove them to carry it beyond fantasy into horrible reality zero day made up of made by the and found after the event is absolutely riveting even if you know where it's going you still harbor hope that it won't go there and the tension in the final minutes of the movie is excruciating the film is terrific from top to bottom from director to script not much improvised though it appears very spontaneous to the two lead actors and the supporting players as well there is only one aspect of zero day that troubled me okay so we can't why the would do what they did but certainly one of the was their anger yet these boys don't really seem angry they may say some things to indicate that they are but in fact they didn't convince me that they had something inside them that compelled them to kill innocent people but this still leaves me with the sense of why that director wants me to have anyway rent or buy this movie it will creep up on you and stay with you for a long time the blair witch folks could only wish for the kind of success these guys had at making a mock documentary,1,0,0.18659936,False,0.8134006
i didn't like this film at all first of all i don't know why but everyone here says that play is excellent which in my opinion is absolutely wrong she is not like natasha another appearance another character what's worse she is a very actress and that's why she wasn't able to play this role she the heroine completely that was really disgusting to watch her play to my mind that would be much better to give this role to a russian actress because that would be much easier for her to understand the russian soul for a russian person unfortunately looked like a drunk man who hasn't weeks and defeated a battle in which he lost his eye god in this film some actors whose play was awesome i suppose that with his task very well i was pleasantly amazed he is one of the few people who's read the book which is very important for the play in addition i liked plays of our russian actors that was really wonderful to watch them the only thing i liked in this work was very beautiful views and amazing dresses my advice is to read the book and to understand a real sense the aim with which leo wrote this masterpiece and maybe realize the whole idea of the book from,0,1,0.8119304,False,0.8119304
an man known as bill lives in a small dreary flat with a poster of marilyn monroe on the wall and his for company only the man can't think of anything to write he wanders around the streets following people just to see where they go maybe this will give him some inspiration to write he begins to follow a well dressed man holding a bag he follows him for a few days while in a the well dressed man sits down at a table on the opposite side of bill and why bill is following him the well dressed man says his name is then surprisingly informs bill that he is a and even starts to take bill with him into houses to steal things although insists he doesn't go into other people's homes to just steal he says he likes to let people know he has been there and interrupted the things they take for granted he puts from another into a man's for example br br the film is told in flashbacks at times too the director used this technique in greater abundance in his recent feature bill eventually decides to cut his hair and dress in a suit on the advice of he meets a blonde lady in a club who used to date the owner a bald man who is very dangerous she says we see a scene where a hammer is used by the bald man's hence men on a man's fingers in the blonde flat these are some of the many pieces of the puzzle that the director shows us and they will all fit into place when we arrive at the surprising conclusion,1,0,0.19058101,False,0.809419
is beautiful enough vanessa is beautiful enough i liked the storyline but i went in with the expectation to see lots of energetic hot dancing i was disappointed there needed to be more dancing especially,0,1,0.80931616,False,0.80931616
this is a very interesting project which could have been quite brilliant gathering prominent international directors and each of them minutes seconds and frame to create a segment of their choice each short exploring the global of without using any spoilers i would say that ken piece is the jewel in the crown and mira short segment india based on a true story deserves to be made into a full feature film one also realizes while watching his short why is one of the best directors in the world today he simply is a master of the medium who has also a profound understanding of the subject matter unfortunately not all parts are made as well in his segment egypt assumes the arab stance of the self inflicted collective guilt which piece could have potentially been the most interesting one he fails miserably short is poorly written and badly executed at least enough to stand out amongst other superior chapters of the film despite the in quality i would still give the film for concept if not for execution,1,0,0.19158463,False,0.80841535
i was wondering if there was a place or a link that someone can send me or post for me so i can watch this show it seems to be a missing show i have been looking for years now its about oz and a girl who has to help save it it was really good but i found a good oz type thing on the web but i cant find it again or seem to remember a lot of it due to being years and was thinking that this one maybe it and from reading all this it sounds good and maybe the missing show that i really liked please someone help me thanks so much so please anyone that can help me or give me a link that would be so helpful again thank you so much or if anyone has an oz based good videos please post as well,0,1,0.8064353,False,0.8064353
for the life of me i cannot get why they would want to make a movie about the jerry springer show it's so trashy some ways sadly it's a guilty pleasure we all have to admit that we've seen at least one episode it's part of our pop culture i saw this on usa recently it's pretty bad i will admit that jerry does a horrible job of what i think he meant as acting or something like it jamie is in it she's playing herself basically all she needed was her lover boy kid rock it would've been perfect then so i would recommend skipping just watch the jerry springer show it's more enjoyable than this br br,0,1,0.8057143,False,0.8057143
i just got this video used and i was watching it last night the acting started out extremely bad hey hey but got very good soon after the looked extremely fake and many of the cgi effects were very dodgy but the scene with the house cracking apart and the inside being blown around and sucked out were extremely well done and just about on par with movies like the scenes of were also extremely well done too the story was very well written and it's refreshing to see a movie like this stray away from the same old disaster movies of this genre seems to have been stuck in for years br br while this movie had a very weird mix of fx and acting quality this merits an a in my book,1,0,0.19469936,False,0.80530065
i saw this film as it was the second feature on a disc containing the previously banned video nasty as blood was entirely awful i really wasn't expecting much from this film but actually it would seem that trash director andy has himself this time as of sin tops blood in style and stands tall as a more than adequate slice of sick sixties the plot is actually quite similar to blood as we focus on a dysfunctional family unit and of course there is an inheritance at stake the film is shot in black and white and the look and feel of it reminded me a lot of the trash classic 'the curious dr there's barely any gore on display and the director seems to focus on sex with themes of incest and hatred through the acting is typically trashy but most of the women get to appear nude at some point and despite a poor reputation director andy actually seems to have an eye for this sort of thing as many of the sequences in this film are actually quite beautiful the plot is paper thin and most of the film is filler but the music is catchy and the director also does a surprisingly good job with the sex scenes themselves as most are somewhat erotic overall this is not a great film but it's likely to appeal to the cult fan and gets a much higher recommendation than the better known and lower quality,1,0,0.19740339,False,0.8025966
maureen o'hara is always beautiful and appealing here she plays an actress ill we don't know with what it is a bit of a to love story in that respect br br william is good as is most of the supporting cast john payne is meant to be but he seems to the girl who plays the child he and o'hara does her best with a contrived plot device of course adopt an orphan she will live on after the passing of your wife it's a sweet movie but it doesn't feel sincere i was hoping to be moved i was by gentle performance but i don't like to feel manipulated,0,1,0.8010214,False,0.8010214
it's unfortunate that many of the other of this film seem influenced by prior i e anger at the gay characters thinking french thrillers are bad etc i will admit that i'm unfamiliar with the novel but as a film after about minutes i was rolling my eyes hopefully i can explain in writing my complaints enough before i get sick of spending anymore time on this film over the hours of its running length hours that felt like don't get me wrong i can sit through hour and a half silent films hour epics i don't have a short attention span nor am i so jaded by the mtv generation that i cant appreciate a subtle and slowly building film here goes my list of complaints first off the ending yes it had a scooby doo esquire character explains everything at the end now i actually think for this movie this was necessary the film had so many plot twists emotional revelations new facts and being discovered one reviewer said it well yes it is a very logical story but without the very essential back story their childhood stories the relationship amongst the parents the relationship amongst the two and the son of the big man it just doesn't feel right i felt cheated i won't throw in too many spoilers here i could name specific revelations that i thought were unnecessary but according to the reviews on here there's a lot of people who seem to really love this so i don't want to give anything away i personally can't stand soap operas the complexity and twists and turns for me out any impact the final revelations could possibly deliver by the end i seriously didn't care there weren't any plot holes necessarily this seems like it could make a great book in writing it is perfectly logical but if i'm supposed to believe this is reality something doesn't sit right with the pieces that have been inserted too often i felt crucial characters we were never able to get to know were thrown in to further the plot increase the emotion and develop the mystery the acting i had no complaints about the directing eh not bad but the plot and especially its development severely lacking sorry to those that felt this was a perfect thriller but i couldn't get into it i gave this a simply because i don't want to seem completely unfair and it did have moments of slight intrigue and excitement br br major spoiler and i have to mention it but when the father is making his revelation to alexandre and just when you think the plot couldn't fit in another twist your father didn't die in a hunting accident i almost died when was the father at all developed or even really mentioned much in the back story are you serious like the already complex plot involving characters from all the families and their relationship to one another wasn't enough does the protagonist need another emotional more than he has already been fed sorry i had to throw in such a spoiler but that just bothered me as much as i've ever been bothered in any film,0,1,0.80025536,False,0.80025536
cypher is a movie well worth seeing because it's not the run of the mill sci fi flick the artistic approach is painted with dark scenes and a kind of view of what's going on the close up camera view is how the director keeps the plot the sci fi aspect of the movie is secondary to the plot of the movie the technology used in the movie isn't overly impressive however the director makes good use of the props br br the character development is intentionally shallow the main character jeremy northam decides to himself into the world of espionage it's up to the audience to figure out his enigmatic character and it's the that keeps the audience interested right to the very end,1,0,0.20248902,False,0.797511
there is a dvd published in the uk in code on the cover no on the no code in the inner br br probably a straight transfer from vhs br br there is no much point is commenting an adult film but this one contains a minimal plot and the characters are believable it was shown in the united states in normal cinemas br br i've seen it in way back in br br as such it deserves a place in an of movies the dvd has no special features and no subtitles and was probably made using a vhs tape as source,0,1,0.79751056,False,0.79751056
while the story of a troubled kid turning to boxing for self respect and anger management is hardly a new thing the story is given a fresh twist here when the protagonist is a girl instead of a boy br br diana has trouble at school she just can't stay away from fighting at home her father is constantly putting her down her brother trains boxing at a gym and one day when she picks him up she decides she also wants to train br br it would be easy to call this movie a rocky with girls i guess but that is not at all what this is about the story actually benefits very much from the main character being a girl rather than a boy that way you can deal with more problems at once first the problem of her not being accepted because she's not a girl and then when she comes to the boxing gym because she's a girl at all it's also a story about how a purpose can change life how positive things can make you grow i don't want this to sound pretentious because the movie doesn't feel pretentious at all but what i'm saying is true br br also michelle rodriguez is very good in the lead it's a shame really that she has become stuck in the tough girl now because that's really not what her part in is all about sure she's a female boxer but rather it's the more sensitive moments that really makes her shine br br so maybe this is basically your average underdog story with a twist but it's lifted way above the crowd by performance i rate this,1,0,0.20366013,False,0.79633987
there are two ways to regard either it is a dazzling mind blowing of music old film clips and t v sitcom style comedy or a plot less pretentious rambling mess the truth probably lies somewhere in between it is also one of the best movies of all time br br 'the jones peter mickey and mike had just finished their hit series and wanted to do a movie in collaboration with writer jack nicholson and director bob they made br br it begins at a bridge opening ceremony in san francisco where the gate crash the proceedings mickey jumps over the safety hundreds of feet into the water rescue him to the of a gorgeous jerry carole king composition called 'the and visuals that make the stargate finale of look drab by comparison by now you will either have switched off in puzzled disgust or be completely captivated br br more bizarre happenings unfold mickey uses a tank to destroy a machine in the middle of the desert the entire italian army to him the group are hired to play to play the in victor hair for a television commercial an overweight waitress insults the group describing them as gift to the eight year a surprise birthday party for mike goes wrong the group are sucked into a and to cap it all are driven away inside a giant glass tank br br you will either hate this or love it i found it a refreshing change from mindless pop musicals of the do the show right variety the songs are good too is superbly choreographed by toni basil later to appear in and boasts wonderful editing with clothes changing colour at lightning speed we go is a lovely king number whose accompanying images carry a strong message br br frank are just two of the guest stars to crop up did victor mature read the script before to do this one wonders he's hilarious in it though br br so mad there just has to be real genius behind it is a little gem and one worth time and time again shame it did not find an audience at the time if only had been like this,1,0,0.20647502,False,0.793525
spoilers br br i'm sure back when this was released in it was much appropriate for its time back then films were slower paced to allow audiences to follow and analyze the story here a man moves into a house owned by his last wife that died mysteriously with his new wife the mickey played by alex who also directed he film really is an character he gets a skull to warn that she is in trouble since he knew that there was foul play in the first wife's death he can't tell directly what happened so he tries to scare her off with the skull we also find out saw her parents die thus causing a lifetime of mental anguish that lead to like many audiences today i found the pacing to be a little too slow for my tastes but if you like slow paced horror without a lot of gore this film is for you br br,0,1,0.79267853,False,0.79267853
when i looked at this years match card i was so and unable to control myself because i was full of excitement br br it starts and it ends br br i'm sitting there angry to hell because of how much i wanted my money back i mean you watch one of my favorites which will go down as a classic and then you expect the same and get the average garbage they have every now and then the one moment in the entire show that ruined it for me was when out that very moment of losing to john cena john cena is such a loser it almost ruined for me when he beat triple h i couldn't watch wwe after seeing i'm starting to watch it again luckily i again have faith in wwe after the greatest i have ever seen which was a pure classic it definitely made up for and gave us lots of memorable moments as well br br if you have watched any of the before this one like the ones that turn you into fans turned me into a fan please don't watch this and make the same mistake i made and leave wwe behind and if you do watch it and are angry watching it again and watch it is absolutely classic,0,1,0.78852934,False,0.78852934
the head of a common new york family jane as mary barton works with her younger sister as barton at candy store after ms is by dealers in the buying and selling of women as slaves ms and her policeman boyfriend matt moore as larry burke must rescue the virtue threatened young woman br br traffic in souls has a reputation that is difficult to support it isn't remarkably well done and it doesn't show anything very unique in having a young woman's virtue threatened by sex perhaps it can be supported as a film which dealt with the topic in a greater than length claimed to have been ten originally the new york city location scenes are the main attraction after all these years the of the prisoners behind bars is memorable because nothing else seems able to make the cameras move br br traffic in souls george tucker jane matt moore,0,1,0.78805214,False,0.78805214
so dark the night poses a tough challenge it's very hard to write about it in any detail without ruining it for those who haven't yet seen it since it remains quite obscure that includes just about everybody the movie will strike those familiar with its director joseph h better known titles in the noir cycle gun crazy the big even my name is julia ross which in its it resembles as an odd choice br br for starters the french countryside serves as its setting steven a middle aged detective with the in paris sets out for a vacation in the village of or maybe quite unexpectedly he finds himself falling in love with the daughter even though she's to a rough local farmer but the song of life in paris is hard to resist so she agrees to marry him despite the in their ages which inevitably becomes the talk of the town br br but on the night of their engagement party she fails to return to the soon a finds her body by the river her jealous lover is the logical suspect but he too is found dead then anonymous notes more deaths which come to pass for the first time in his career the finds himself br br a particularly weak script all but does the movie in it plays like bad crossed with the murder of roger but lewis does this vehicle proud he takes his time near the beginning but then the story and the storytelling gain momentum alas just about the time the script breaks an and photographed the film with an intriguing of out of and into windows there's also an effective score by hugo who menace to many a good deal of talent has been on so dark the night but at the end it down to not much more than a gimmick and not a very good gimmick at that it's a one trick of a movie br br,1,0,0.21369565,False,0.78630435
when it was released this film caused a sensation i watched it and was thrilled beautiful usually young naked women filmed in the classy style we knew so well from director photography his photographs never become porn and the same is true for this movie today i saw it again and was disappointed the soft core in extremely slow paced scenes all filmed with some on the actually is all there is there is no real story the characters remain beautiful and beautifully filmed bodies but they are not real creatures with a soul actually nothing happens it is like hamilton is using moving pictures rather than stills and this gets so boring after a while i even didn't watch the whole thing the second time for i fell vast asleep that is all that remains of this masterpiece it is a very good sleeping and you will never become addicted to it br br back then out of now out of,0,1,0.7837448,False,0.7837448
the movie starts out with a bunch of dead men walking sitting in individual cells waiting for their inevitable meeting with death represented by the chair br br then our hero who is called is taken to the chair he's and then he's still alive he is given a choice by some creepy military guys who look really cool either we you until we've made sure you're actually dead or you can walk through this door and take whatever destiny might lie ahead of you our hero says yes to option and then the actual story br br he wakes up in a different sort of cell very high tech and very big where he finds another cell mate who also managed to survive the electric boogie ride a voice in the tells them that they are free to do whatever they wish as long as it happens within that room sounds a little suspicious but the two men accept what else can they do br br what these two men do not know is that they have been set together so they can an inner urge to kill within them basically the unknown scientists in the background p s them off until they decide that they should kill each other sounds weird indeed but there's a greater purpose to all of this this is the part which should not be revealed and so it shall remain br br but fear not it is the unknown that the viewer to watch more of this pseudo action movie it has an entirely different approach to the question how long time can you stand being with a man who's an s o b and would you kill him to obtain freedom br br the first hour is basically trying to your interest it up without you actually knowing it then it becomes a roller coaster ride with wild matrix like action fight scenes with a touch of to honor the comic book from which the movie is based upon br br the movie is indeed very special so special that normal cinemas won't view it under normal circumstances however the story is fascinating the music is fantastic and the actors do their bit some more than others to make the movie truly unique br br if you should be so fortunate that your cinema or video store has it watch it and enjoy the fact that not everyone is trying to make mainstream movies to earn huge of cash br br,1,0,0.2168334,False,0.7831666
not that i want to be mean but this movie really surprised me a lot during the whole film i was like what is this movie all about i don't get the animations at all probably this movie will only be suitable for those who belongs to the s during the film there is a group of people walked out after the movie many people said that's it frankly speaking i cannot believe that this movie was awarded the best children film award if you are thinking of watching this film i strongly recommend you not to you will regret it i'm not joking you will find that you are just wasting both your time and money of you go and watch it,0,1,0.7818937,False,0.7818937
one of my sisters friends me this game and it is too damn hard it carries the appearance of a kids game but you have to learn how to do tons of intricate moves that require you to twist and turn your hands into all sorts of awkward positions and you have to search seemingly endless levels for notes to improve your you also have to find these hidden jigsaw puzzle pieces that require you to do almost impossible tasks to get them and i am only up to stage three maybe if you have no life can stay home all the time you might get some enjoyment out of this but otherwise keep away and it is not recommended for kids they will pull their hair out within the hour,0,1,0.7798882,False,0.7798882
philip k movie and a decent one for that matter better than the paycheck woo and that abomination called minority report spielberg but lets face it the and ending was a bit too much for me half way through the movie i already started to fear about such kind of ending and i was right but that does not mean that the film is not worth its time no not at all first half as already many here have commented is awesome there are some parts where you to doubt whether the director intended to convey the message that is highly important thing in the future we will do such kind on corny sf things because we can or is it simply over combining but the paranoia is there and feeling out of joint also good one,0,1,0.7788852,False,0.7788852
i had been looking forward to seeing this film for a long time after seeing return to paradise which i found to be gritty i was so disappointed the most realistic thing about it was the unpredictable ending which i think was partly stolen from return to paradise br br maybe i was expecting too much br br on the positive side danes beckinsale and were fantastic in their roles although i didnt like character and first and found her very annoying br br i see anything realistic about the film it could of been done so much better for example there could of been more emphasis on the prison conditions and the sheer horror it was too a movie to be realistic there could also of been more action and tension br br the best thing about this film is the tragic ending i of predicted that but by that time i really didnt care what happened to them br br,0,1,0.7781784,False,0.7781784
tim robbins is oddly here cast as a garage mechanic in s new jersey who falls in love with a blonde who turns out to be albert niece although he's on screen much of the time robbins out the inner of his intense persona and fades into the background it's easy to forget he's even in the picture romantic comedy with a gimmick that being walter matthau playing einstein who does what he can with a conceived character otherwise it's and sunny directed rather by fred who shows heart but no wit or brains meg ryan is her usual self and the chemistry between she and robbins is charming like that of an sister and her big brother from,0,1,0.77811074,False,0.77811074
now i won't deny that when i purchased this off ebay i had high expectations this was an incredible out of print work from the master of comedy that i so enjoy however i was soon to be disappointed apologies to those who enjoyed it but i just found the al to be very difficult to watch i got a few smiles sure but the majority of the funny came from the music videos which i've got on dvd and the rest was basically filler you could tell that this was not greatest video achievement that honor goes to honestly i doubt if this will ever make the jump to dvd so if you're an ultra hardcore al fan and just have to own everything buy the tape off ebay just don't pay too much for it,0,1,0.77597076,False,0.77597076
once again woody allen seems to be completely devoid of any inspiration other than himself here we have a mock documentary like the structure of the film is a series of radio days broadway danny rose set in the 's purple rose bullets over broadway about a low life harry who believes being a genius him from being a jerk given this film and harry one wonders if this is allen's justification for his own actions with adopted daughter yes i was a jerk but i'm a genius so you gotta love me br br allen has only produced two good movies in the past ten years the fine but bullets over broadway and the excellent but largely ignored manhattan murder mystery his other efforts range from new york stories mighty to edgy yet experimental husbands and wives to pure alice scenes from a mall shadows and fog celebrity harry his films no longer even try to have a narrative arc and his humor seems to aim at amusing not funny after harry i stopped seeing his films in theaters after sweet and i may stop renting them as well,0,1,0.7748645,False,0.7748645
i thought how the grinch stole christmas was a pretty good movie it wasn't horrible nor was it great but it was enjoyable to watch i felt as if jim carrey got a little annoying at times they made the grinch seem like a special education person when all he needed to be was evil and but yet he turned out kind of retarded i did think the scenery when not inside the cave was beautiful and there was a few parts where i laughed but most of the time i thought it was just annoying this movie could've been so much better if they had changed the personality and they had included some more laugh scenes because most of the humor wasn't funny i liked how the grinch stole christmas anyway but it's not anything to get excited about seeing,1,0,0.22530371,False,0.7746963
kim patricia george jake and son miles per sullivan are headed to the country for winter weekend relief from metropolis on the way they hit a buck and end up stuck in the snow a group of hunters who were tracking the buck come along rather than helping at least one of the hunters john is mad because the accident the george kim and miles are disturbed by and even worse we quickly learn that has learned where they're staying meanwhile miles is given a wendigo a kind of indian shape shifting spirit monster token by an indian whom only he has seen is a psycho out to get our heroes are there in the woods br br i can see where wendigo would have a number of problems appealing to viewers it is a fairly low budget film with technical limitations frequently showing through much of the film and maybe all of it is not really about the titular creature and perhaps the fatal blow for many people it has a very ambiguous ending with a number of questions left unanswered if you are by such endings and you do not like films that have an aim of making you think about and discuss what everything meant do yourself a favor and avoid wendigo br br personally i like films like that i usually prefer some ambiguity the marketing of wendigo is towards those who want a quick scary creature flick where they'd expect a grand battle with some supernatural monster who is defeated in the end and everything is tied up neatly except for an opening for wendigo the monster returns but that's not what this film is wendigo is much more thoughtful and poetic than the surface of such a creature flick would suggest to most people heck writer director larry even has a character george robert frost the frost poem and comment that frost can evoke complex imagery and atmosphere out of seemingly simple things is the key to the film br br one of the best things about the film is its complexity in a way there are four different films occurring at the same time a thread from each character in thread he isn't exactly the or most pleasant guy in the world and he has some problems for him the film is a realistic horrific descent of his life going from bad to worse in thread she's looking for of her life and family she's a psychologist mostly denying the problems around her hoping that they'll go away and get better in thread he's even more down on his luck than george and arrival into his life the final crack in his psychological armor and in thread which is probably the most important of the film life is like a grand poem due to his youthful innocence and interpretation of the world but this is a horror story after all albeit one with a of hope and the events in the film give poetic interpretations a dark turn still when everything is said and done he seems to be the only one his due to the poetic br br even though the film is low budget there are a lot of well executed higher budget ambitions and director of photography terry find some great shots in beautiful locations and created some interesting slide show like montages such as the cards or the indian wendigo images from the book there are also interesting more traditional montages such as nightmare wendigo is better shot and edited than many big budget films br br other technical aspects are good for the budget the wendigo appearance at the end worked for me and was appropriately ambiguous the lighting was usually good there were a few times that dark scenes weren't as clear as they could have been but it seemed to be more of a problem with the film stock it could have been digital instead or transfer i thought the performances were good and far more realistic if you value that than the majority of films although i didn't really notice the score it must have been okay or i would have noticed it with a negative judgment br br overall wendigo is a very good film that deserves to be watched without as long as you don't mind having to think about the movies you watch,1,0,0.22535646,False,0.77464354
the long list of big names in this flick including the john mills didn't bowl me over to the extent that i couldn't judge the film on its actual merits it is full of stereotypes caricatures and standard set scenes from the humble air ace hero to the loud mouthed the music track was such that at one point about an hour before the end i thought the film was over loud rising grand and finish then silence but then the movie continued i found no real storyline writing but pressed uniforms and the pretty jean simmons pre nose job with a rousing little i cannot say that this picture has any of the ingredients which make a film great i found it and minor,0,1,0.77346325,False,0.77346325
can someone please help me i missed the last view moments and i don't want to pay money to see the whole film again i got to just where they are in the train and she says about that drink now ' and smiles what happens after that is there anymore dialogue or action surely it doesn't just end there i was a bit bored in the film and kept hoping it would get better i love scott thomas does anyone remember the uk tv series she was in about some nuns i am wanting to know the name sean penn was brilliant madonna eat your heart out everybody else in fact the film a bit predictable it was a a star the ending took me by surprise i really thought she had burnt her if you are a fan of any of the stars its worth watching,0,1,0.7733137,False,0.7733137
my friends and i have watched this so many time i have lost count this is worth seeing for those in the right frame of mind meaning that this is not so much a good horror film as a film to lampoon for its funny quotes and bad effects this film is best watched with other like minded individuals so you have someone to laugh with br br you'll laugh as greg leaps and around the lab his pet rabbit while his shifts from right to left on his back greg stop dr brandon you'll laugh as j g gives hand to direct greg to the other side of the operating table while his hand is in the shot and you'll probably chuckle when you realize that the final woman has none of the features he used to her with,0,1,0.77199906,False,0.77199906
a family is traveling through the mid west there's widower ben charles his girlfriend and ben's little daughter k t then hit a town named where everyone acts more than a little strangely their car breaks down and they're forced to stay they soon find out a witches has a spell over the town and is up to incredible evil br br the story is not that good people just figure things out of nothing and they just happen to find out where the witches are at the end also there are a lot of left at the end the acting is pretty poor too and are bland and everybody else is about the same only old pros martin and l q jones give good performances still this movie does work it blood and gore there's some but this is pg and to work with some very creepy visuals and atmosphere the acting a lot of it but it still works martin especially the scenery in his role i can't explain exactly why i sort of like this movie but it did work on me it's a quiet kind of horror that isn't made anymore hardly a but this deserves to be a,1,0,0.22808671,False,0.7719133
i'm sure that the folks on the texas border must have had a a good laugh or two when b picture unit inflicted this one on the war time public very simply the area along the river where the film opens is country just like the rest of the deep south or at least the deep south was post war no big cattle there they're much west in texas than richard and preston foster could ride to set up their empire br br the film begins with the two of them partners in a and when leo tries a of their services by not paying them for his cattle they keep the cattle and that's the beginning of the big like ranch they br br along the way foster marries sister played by frances and with his much smaller neighbors they also have some further run ins with leo br br anyway us who like westerns usually don't bother with and it's still a good western from the production mill of harry who produced all those cassidy westerns for paramount the climax is a blazing and i mean that literally gun battle that should have maybe been used on an a production br br but i wouldn't have any but western fans look at it,0,1,0.7715487,False,0.7715487
director j s presents something a little scary and a little creepy but nothing more a widowed mother karen a home in the mountains so she takes her two daughters and moves into the estate in what seems the middle of nowhere but it is somewhere somewhere ninety some odd years ago a tragic mining accident claimed the lives of numerous children who were forced to labor in the dark and the area and especially the estate seems to be haunted by the spirits of the tiny little wicked souls the legend is the screaming children come out in the to seek their revenge and you better believe it also in the cast ben cross taylor chloe julie rogers and geoffrey lewis,0,1,0.76881427,False,0.76881427
i was amazed at the quality of this film particularly after seeing pictures of the barely adult director all of him truly a boy directing a movie about a boy i look forward to seeing more luke films br br i did think this one was a bit too long there was too much time spent showing connor being and unwilling to make a move on owen didn't try hard enough owen being so young could have easily become closer to and later decided it wasn't his and owen would still have learned the valuable lesson about corruption and politics instead he didn't give himself a fair chance to learn about his sexuality and what about poor owen could have been a good influence br br though the film to show owen as a hero who perverted corruption i felt sad for owen he was offered the opportunity to have some boy boy fun with who was extraordinarily beautiful owen didn't have to go along with the political as offered but he could have tried to have some fun with and still walked away when he wanted it was clear that owen was in charge no one forced him to do anything he didn't want to do but he could have had more fun and with a very hot boyfriend at that br br i hope luke makes more movies where appealing young characters have more fun,1,0,0.23186116,False,0.7681388
like the previous on this film i too found myself in tears at times during this movie sometimes one wonders how a film of such awe inspiring awfulness comes into existence from the first moment when our protagonist wakes up in his new york apartment from a dream of subway trains with horses what irish hasn't had that one its clear we are in trouble and it doesn't get much better br br back to s ireland we enter a world where everybody speaks without and exclusively on the topic of the irish civil war go to school to learn about the civil war the in the pub themselves according to their civil war are carried out for those who died in the civil war the town is divided between those who believe we should remember and those who want to forget the civil war every glance and conversation is dripping with meaning that back to the civil war br br the on the of broken suggests that the film is a of the troubles in modern ireland the only parallel which strikes me is that in present day conversation is indeed dominated by one topic house if its intention is to offer some sort of insight into obsession with its past it fails miserably it is striking how few irish films have dealt with the irish civil war and its however it will take a film of a great deal more subtlety and intelligence than this one to tell us anything about the lasting effects of such a traumatic event on the psyche br br for those american viewers who have suggested the film evokes the atmosphere of s ireland it doesn't s ireland was a horrible poverty stricken pit of sexual and misery from which young people in their however there was more than one topic of conversation,0,1,0.7668629,False,0.7668629
so halfway through the season i got so caught up in school and my activities that i didn't realize that the show had been canceled halfway through which is crap br br i think the followers of this show should write fox and ask them to at least finish filming so that a the season can be released on dvd later maybe then they'll see how many people were disappointed that the show didn't survive its first season br br i loved the show and looked forward to it every after the can you imagine my disappointment when i came back to try and watch the show only to discover that it had disappeared needless to say i'm not very happy with fox right now even more so after discovering that no ending was filmed i mean if you're going to work on a project at least finish it to see what happens a half filmed show is like a half made car it's pretty much useless fox film the damn ending and give some of the show's fans some peace,1,0,0.2338924,False,0.7661076
at the beginning of the film we watch may and preparing for their trip to london for a visit to their grown children one can see is not in the best of health but he goes along when he dies suddenly world begins to spin out of control br br the film directed by roger based on a screen play by is a study of how this mother figure comes to terms with her new status in life and her awakening into a world that she doesn't even know it existed until now br br life as a suburban wife was probably boring obviously her sexual life was next to nothing we get to know she's had a short extra marital affair then nothing at all when may loses her husband she can't go back home so instead she stays behind her at her daughter's home it is in this setting that may begins after young and hunky darren her daughter's occasional lover br br darren in may a passion she has not ever known may responds by herself in front of our eyes may who at the beginning of the film is suddenly starts dressing up becoming an interesting and attractive woman she ends up falling heads over heels with this young man that keeps her with a passion she never felt before br br having known a couple of cases similar to this story it came as no surprise to me to watch reaction her own chance of a normal relationship with bruce a widower ends up for may who realizes how great her sex is with darren the younger man we figure is only into this affair to satisfy himself and for a possibility of money from may finally the daughter helen discovers what mum has been doing behind her back when she discovers the erotic paintings her mother has made br br the film is a triumph for the director in anne reid mr has found an extraordinary actress who brings so much to the role of may also amazing is daniel craig he knows how darren will react to the situation anna wilson jones as helen is also vital to the story as she is the one that has to confront the mother about what has been going on behind her back oliver ford davies plays a small part as bruce the older man in class and is quite effective br br the film is rewarding for those that will see it with an open mind br br,1,0,0.23477261,False,0.7652274
from the film's first shot knightley as elizabeth wandering reading through a field at dawn thus all the clich s cinema has developed to address the phenomenon of the strong minded rebellious female character in period drama i knew i was in for something to make me want to kill myself br br joe wright seemed not only to have not read the book but to be under the that what he was filming was not in fact jane subtle nuanced comedy of manners through delicate social interaction in century english drawing rooms but a sort of u heights thus we were treated to every scene between elizabeth and taking place outside for no apparent reason in rugged scenery and often in the rain not to mention that jane austen and in particular p p is not about passion sexual tension or love it's about different of the of century society which was completely ignored so that the house was a chaotic place where everybody shouts at once runs around leaves their underwear on and pigs wander happily through the house the society balls become country dances one step away from a matrix style dance orgy and everybody says exactly what they think without the slightest regard for br br the genius of jane austen lies in exploring the void created by a society in which nobody says what they think or mean because of an overwhelming regard for and the tragic of her characters from and by that speechless gap so both the brilliance of jane austen and the very factor that allows her plots particularly in this film to function was completely subtlety in general was nowhere his film sacrificed in favour of an overwrought drama which entirely with the material and the performances br br it was so obviously trying to be a serious film the humour which is pride prejudice both and her appeal was almost entirely in favour of all this faced melodrama and when it was allowed in was handled so clumsily pride prejudice is a serious narrative which makes serious points yes but those serious points and themes are not just with the humour they are in it you can't lose jane technique leaving only the bare bones of the story and expect the themes to remain not even when you replace her techniques with your own heavy handed mystical cinematography br br elizabeth bennett is supposed to be a woman an adult mature and sensible and clear knightley played the first half of the film like an empty headed and the second half like an empty headed who thinks she is a tragic heroine wit her verbal her quintessential characteristic of being able to see and laugh at everybody's including her own her strength and and her fantastic clear were completely lost and replaced with what a lot of and staring into the distance rather than being able to keep her head when all about her were losing theirs she started to cry and scream at the slightest and not genuinely raging either no these were fits and where the great strength of elizabeth at least in eyes was her ability to retain integrity and while remaining within the boundaries of society and elizabeth had no regard whatsoever for convention furthermore she seemed to think that wandering around in the mud in the century version of established her beyond doubt as spirited and strong minded and therefore nothing in the character as written or the performance had to sustain it an astonishingly and bland performance in which quest for and weakness she was matched by matthew br br donald sutherland as mr seemed weak and without the wicked sense of humour and ironic at the expense of human relationships that makes mr so fascinating and tragic his special bond with as the only two sensible people in a world of fools was completely lost not least because both of them were fools in a world of fools and that completely the end of the film of emotional impact mr was no longer and well meaning to the point of but was played as a complete for cheap laughs and the woman who was playing jane was so wildly inconsistent that she may as well not have tried to do anything with the character at all the script wildly between of jane austen delivered with remarkable and totally language which would not be out of place in a modern day romantic comedy br br just get the bbc adaptation on dvd and save yourself the,0,1,0.76420313,False,0.76420313
funny that i find myself forced to review this movie but here i am br br i am reviewing it because just recently i have had the chance to witness the revival of r c play end on stage in new york at the theatre starring hugh and others as well as being masterfully directed by david br br i left the theater i am not i was after almost two and a half hours of a and very claustrophobic depiction of life in the of the i during world war one brought to life vividly by everyone involved i came out of the theater with the shakes br br mind you i am not easily shocked nor am i too sensitive i am a stage actor and a director myself so i know the buttons being pressed to achieve certain effects both emotionally as well as psychologically br br but what i had just witnessed came so much to life that i had chills in my spine as i left br br none of these emotions came to life while watching high the movie based on this play and even adapted for the screen in with r c sheriff himself shortly before he died br br the screen adaptation takes place in the over france so gone is the claustrophobic ambiance to with br br the only plus of the movie are the battle scenes which look dated in their special effects compared to today's standards but still very valid in the flying tactics adopted on screen br br granted there had been a couple of screen adaptations of all quiet on the western front by maria which takes place in and not in the sky but that was the german vision on things if one would like to be on such things br br end is just the other side of the and would have made it into a great movie if they had left it alone and intact br br the transfer on dvd is poor even though in widescreen and adapted for tv screens the quality of the film itself is that of a movie theater nothing more nothing less it sports various such as minor and although the copy for the rest is clean br br if you want another wwi movie in your collection especially for those who love and enjoy to see battles among old then this is a picture for you but i rather would suggest von and brown as an alternative although that too is a movie filled with inaccuracies br br for the rest of you who love good acting and drama i would leave this one out buy the play go watch the play if you have the chance to get a decent revival of it near you but keep off this would be adaptation br br it is an anti war movie granted but the weakest i have ever seen in my lifetime ever br br the presence of actors such as howard ray richard johnson and john gielgud is just a since they are just seen in very weak and very brief cameo roles throughout the movie br br mcdowell the very talented christopher plummer simon ward and peter all deliver very weak performances not due to their lack of skills but rather due to lack of true and solid direction br br there are too many gaps in it and as said before it drags itself to the dubious end dubious because in the original play none of the men we come to know and sympathize with stay alive they are all killed in a fatal and mission in the movie they all die except malcolm mcdowell who manages somehow to stay alive another day being the wing commander of the unlucky bunch just to receive another three pilots to fly and die for another lost cause br br the end of the play leaves a bare stage in total darkness you just hear the the machine guns and throughout the theater then suddenly total peace and silence the curtain comes up lights and here they all are up standing straight and rigid corpses br br far more interesting and far more shocking than high finale which is also dragged by the hair br br it is up to you to judge br br for me if i had the money and the contacts to do so i would take the play and develop it the way it was meant adding here and there some action scene in the field just to the outer horror and slaughter going on in the fields of france around the men involved but then just strictly on what is going on in that tiny shack at the edge of sanity and the world br br want such a movie br br then ask for it br br this is not it,0,1,0.7639971,False,0.7639971
talk about a blast opening has the coolest opening credits ever guided by musical tones that are perhaps slightly inspired by the legendary friday the th theme ha ha ha the names of the lead players appear on screen split up in giant promising intro of a totally obscure mexican slasher backwoods survival thriller and it only becomes with every minute that passes two extremely and enemies challenge each other to the ultimate showdown in a sleazy bar according to a newspaper article there's a savage bear loose in the nearby woods and it already killed multiple of the hunters that tried to catch it the challenge includes that whoever kills the bear will be the ultimate macho hero with the biggest set of balls upon arrival however it quickly becomes obvious they're not up against a bear but a and utterly war veteran with quite an of weapons in his and numerous combat tricks up his after a whole decade of tame and derivative american slashers this early 's mexican effort looks and feels very refreshing and vivid the formula is simplistic but efficient the lead characters are plausible enough and the building up towards the with the killer is reasonably suspenseful the maniac must have been a fan of freddy krueger and michael myers as he also uses a self made with sharp knives attached to it and a white mask to cover his face the murders are nasty and which i was really hoping for since the awesome aforementioned opening sequences and waste a whole lot of gratuitous blood the setting and particularly the traps are spectacular internal is a mexican slasher survival sleeper hit that comes recommended to the fans of the genre,1,0,0.23636486,False,0.76363516
pretty decent for his early work and no without it and gets an points extra for the eggs for definitely a in the ladder i am biased as a fan but this was a big step from dirty pair which was what i knew of him violent fun with a porno soundtrack you cannot help but notice that i know people appreciate him for ghost in the shell but all of the deep spiritual overtones were dealt with in killing terrorists the struggle for humans to stay as phase them out and staying thin despite her of junk food definitely like the characters even the and i do not know why,1,0,0.23779322,False,0.7622068
this is the most frightening film ever made in hollywood it is a tale of how to take a european masterpiece and suck the life of of it until it is a dry like an on the the frightening because it reveals how the world of hollywood really works ignorant money it makes me wonder how many great films could the corridors of my memory if the hollywood process had not them to forgettable mediocrity cry for the murdered children see or read the golden egg if you dare because they will come back to you forever in the moments of your life when you're walking along the street and you see a poster in ordinary looking parking lots when you hear the tour de france on the radio and especially when you you think what's the harm in wearing a with a hole in it on a perfectly ordinary day br br if only i could give this a zero,0,1,0.76210815,False,0.76210815
a mixture of alien and ghost br br starts very promising then slows down to almost boring br br contains some awesome special effects they were able to make in the mid 's the story is intriguing but becomes quite lack in the end it was rated r because of the sex and gore and savage naked beauty is very apparent through out the whole movie a bizarre movie and cost a lot by the time it was made br br this could have been a bigger classic with a better script but unfortunately it wasn't a great hit i think it actually quite bad br br so something went wrong with this one but still it's very entertaining,1,0,0.23855026,False,0.76144975
two years ago at sundance i loved josh directing debut tunnel so i was looking forward to his brother and frequent the best thief in the world this is a drama about a seemingly good kid growing up in a lower class area of new york the movie is not without its poignant moments but at times it is as if kornbluth is working way too hard to state the obvious life can be very difficult for some people and life isn't fair br br more subtle and more important is our understanding that despite all of these somewhat cultural and the anti social behavior they may these characters have no of goodness and humanity we can at their language and their living conditions but we are cannot their intent and in fact their struggles to maintain a family under such has a certain that most of us can barely appreciate kornbluth grew up in this neighborhood and his compassion for the people is evident throughout br br having said all this the best thief in the world suffers from many painful flaws including the title the characters aren't very believable the writing is uneven and the plot line is barely discernible and for many the most disturbing is that kornbluth uses two young black boys rap between scenes to each his own but while i don't question the potential realism of this phenomenon it pains me to see year old children and talking about having sex with a line up of women it's unnecessary shock value and is a forced bit of borrowed interest,0,1,0.76088786,False,0.76088786
this is a classic british comedy thriller i had always wanted to check out but no opportunity had for that until now it's based on a popular stage play which had already been filmed a number of times previously most notably in by the same director but unfortunately this version seems not to have survived in its entirety for the remake under review the plot has been updated to the then current wartime situation br br anyway i was mainly familiar with early british comedians through the films of will given that this one features a similar plot of legendary and enemy agents it's very much in that vein it was actually scripted by regular writing team of edgar val guest and j o c the stranded element then was an equally tried and true formula the star this time around is arthur by richard none of whose films i had watched before who is as unlikely a hero as himself and whose personality proves to be just as potentially irritating but one soon up to him and certainly comes up with a number of witty lines and amusing bits of business throughout to justify the fact that the lead character of the play and the film version was split into two here with acting as the straight partner br br the remote single setting the events of the film largely take place during one night provides for some wonderful atmosphere the last half hour with the sudden appearance of a mysterious couple raymond and and eventually the arrival of the titular vehicle itself is especially gripping and well handled also worth mentioning from the remaining cast list is kathleen harrison as the stereotypical frightened with a parrot as her constant companion and who is driven by all the excitement to take her very first drink,1,0,0.24023269,False,0.7597673
star trek v definitely earns the dubious distinction of being the weakest film in the star trek series despite the good acting efforts by the actors it suffered from a general lack of funding from paramount pictures paramount pictures was not enthusiastic about this film at its very br br the movie begins with the enterprise crew enjoying their extended shore leave as a for saving the earth from total disaster their shore leave is cut short when a occurs on iii the planet of peace captain kirk and the enterprise arrive at iii only to have their ship by half brother the crew of the enterprise and sets it on a suicide mission to with god just past the great at the center of our galaxy captain kirk must then figure out a way to regain control of his ship and to off the br br the only bright spot in the film is the acting and directing william shatner leonard laurence and the rest of the cast all give good performances william shatner also does a pretty good job directing this film br br however the film suffered from a general lack of enthusiasm and funding first the part of was initially offered to sean connery but he refused so laurence got the part second many of the special effects were severely cut back the movies entertaining potential third the scene that depicts the arrival at the great left much to be desired finally the romance between and in this film did not make much sense at all considering that no such romance ever occurred prior to this point in the star trek universe and it was never explained how such a romance could suddenly between star iv and v br br overall this is a very weak film you should probably just skip this film and move on to star trek after all the cast and crew made star trek partly to themselves out after their with star trek v,0,1,0.7596741,False,0.7596741
are three kids of their leader captain rope girl and all with their own and outfit and moves they work for the kevin and were after wishing to be heroes and playing at that game they lead normal lives as well and have family and school duties but most of the action takes place away from school fighting villains the villains all have rather unique and traits such as mister vague and his men who never seem to know what their plans are but act anyway from an evil robot to a wicked baron the three have to encounter them and stop their evil and often strange plans to gain power take revenge etc br br the animation itself is quite nice and smooth but the style appears to be simple on purpose the backgrounds have colour and the buildings seem futuristic the music is quite nice and the show isn't too bad altogether although the style isn't my favourite br br the plots are almost always nonsensical and ridiculous but after all this is a cartoon and one can't blame them for that however this would not be in the same rank as or pepper ann,0,1,0.75965816,False,0.75965816
george the women remains one of the gems of hollywood's most golden of golden years the film and and it's absence of males was a subtle touch hardly noticed because of all the fine entertainment br br flash forward we see fifth in new york city in front of large crowds along the but off the shot reveals only well dressed attractive and young women than i am legend the visual concept continues inside the store and later at a large fashion show what nyc fashion show doesn't have at least gay men the no men rule is down our throats creating an alien world off balance and distracting br br enter meg ryan first seen digging in her garden wearing a ridiculous get up complete with her retro and arms i immediately with her husband and could understand why he looked elsewhere later in the film she into an older jennifer aniston look and keeps her arms at her sides this seems intentional as if to say look i can still be relevant character is loaded down with a of miss matched friends insert sex and the city comparison here who if it were real life would despise each other plays the power bitch who during the course of the film realizes her life's dream doesn't really make her happy smith is the power lesbian all with no use for any of the men who aren't there debra messing is some sort of baby factory that eats a lot eva is an odd choice for the bad girl to say the least she looks fake acts fake and any humor she tries to demonstrate falls flat someone's comment on here that she looked gender was spot on other various stars show up to the furniture on this titanic br br the only thing that would have saved this would have been the brilliant casting of jennifer aniston and angelina jolie they could have named their price their firmly into their and pulled off something very clever and but no hollywood thinks of itself way too highly for that kind of exploitation instead we're given this thing that along with no entire sections of dialog from the original are lifted and down into a scene with awful results at one point ryan something along the lines of this isn't a 's movie no meg it's not,0,1,0.7592183,False,0.7592183
i saw this movie as a kid on creature feature when i lived in new york it was a pretty creepy movie though not as good as horror hotel i just bought this movie on dvd and it is different from what i remember because in the dvd that i bought there are several scenes where the actors speak in french and or italian and no subtitles are provided then the other actors respond in english to what was being said kind of weird also on the dvd box the names of some of the actors are spelled differently than on imdb br br aside from that this movie is different in that the character of takes her clothes off and provides a nude shot in one scene and in another scene julia tries to force elizabeth barbara steele to make out with her by pushing her down on the bed and kissing her while steele that scene existed in the tv version but it was very edited i wonder if there is any extra footage that could be into a ultra edition it seems sad that some of these old low budget classics have been spliced to bits and sold in all kinds of edited versions where are the master tapes and all the footage br br aside from the first boring twenty minutes before allen is delivered to the castle the rest of the movie is pretty good there aren't too many special effects but face after julia him is a good one the creepy atmosphere and the strange exotic and seductive look of barbara steele make the movie a lot better than it should be i can honestly say that if barbara steele had not been in this film it would be a big zero she makes the movie a ten,1,0,0.24235302,False,0.757647
i may from many people on this board but i enjoy watching mind of the reason i like mind of is the host is not afraid to speak his mind or exploit stereotypes carlos does what we all do with our friends but are unwilling to admit and then some br br has no problem doing jokes about any race religion sex or while he gets a lot of for this it is a breath of fresh air in these politically correct times does not care if he anyone but he is not a racist and even does jokes about his own race br br the typical format for the mind of goes like this there will be an open skit making fun of a person or recent event then comes out and does a or minute stand up where he talks about various issues the show then has separate skits divided by commercials in these skits does a variety of things such as making fun of people giving his personal opinions with a funny twist or simply doing parodies of people events or movies at the end of the show comes out for a minute with either one final skit or something else to say br br people criticize for stereotypes and say his statements are overly offensive carlos only does what everyone else thinks of certain races but are afraid to say as for being offensive he is only speaking his mind i find nothing wrong with that br br the show is not perfect the skits can be not put together the best and sometimes does go over the line in his jokes for the most part however it is a show where the comedian says what is on his mind no matter what the consequences and presents in in a humorous matter so if you aren't afraid to laugh at stereotypes and see someone speak his mind and often say what you have wanted to say then watch mind of however if you are easily offended you should not watch this show because you will be offended or worse yet you might even laugh,1,0,0.24294265,False,0.75705737
this one what came to my mind immediately was loving as it has this same kind of mature mood and dealing with the subject we simply observe as the story unfolds without taking sides or having to confront any moral issues or of course we are but are not fed them sure there were some difficult facts to face and choices to make but it just basically it was just like any other love story in any other life with any other br br i personally found the girls having a good chemistry and had fun with them on their night outs the only thing i could really as a problem would be it just felt kind of held back it's not about the sex scenes or those missing but given that i felt the film at its during the moments they were together having a good time it kind of with the rest is good but it just never quite like loving nor touched me quite as much br br this said i recommend it it's by no means a waste of ones precious time on the contrary br br,1,0,0.2432198,False,0.7567802
a giant praying is from its sleep in the region and heads south causing havoc planes and trains meet their match with the flying creature before its full wrath on nyc the meets its doom at the hands of the armed forces in a new york tunnel the special effects are of course crude by todays standards but for a ten year old boy in this was very memorable br br starring are william hopper craig stevens and pat,0,1,0.75466204,False,0.75466204
i like errol flynn i like and i like action movies this featured all three of these but i didn't like this film it just went on too long although the last minutes was excellent especially in the photography with some great low angle shots however i seemed like it took six hour to get to that point and i really can't say why i feel this way br br the action is interesting errol flynn and olivia de are fine in fact it was refreshing to see de actually be supportive of flynn instead of her normal role as antagonist to him yet something is lacking in this movie br br the film has been criticized for its historical but i don't hear that same criticism for a lot of other films which have done the same in fact its rare when a film is historically accurate for some reason this history offended most critics if the film had made general a lot worse than he really was they would have probably liked it well too bad in their twisted way critics prefer villains to heroes br br i really wish i could have enjoyed this more but i'll take a lot of other flynn adventures over this one,0,1,0.7536571,False,0.7536571
