original_text,cleaned_text,without_stopwords,sentiment
<START> this movie scared the hell out of me for no good reason the eerie music was well written but other than that its a complete waste of time and it really disturbed me i'm not really sure why either if you just want to see a bad <UNK> horror movie i guess you could give it a shot but only as a last resort,this movie scared the hell out of me for no good reason the eerie music was well written but other than that its a complete waste of time and it really disturbed me i'm not really sure why either if you just want to see a bad horror movie i guess you could give it a shot but only as a last resort,movie scared hell good reason eerie music well written complete waste time really disturbed really sure either want see bad horror movie guess could give shot last resort,0
<START> the plot of this film is not complicated a very attractive young girl goes to europe in search of the reasons for her older sister's suicide ten years earlier there she meets up with her sister's former boyfriend and together they travel to all the places her sister went and gradually the reasons become clear br br but what makes this film so special and <UNK> above the limited plot are the beautiful portrayals of the characters although the older sister's boyfriend is a drop out hippie he has noble ideals moral standards and incredible strengths and although the older sister who we see in flashbacks shares these ideals she doesn't have a sense of <UNK> or balance of how much is too much and although the younger girl is <UNK> loyal to her sister's memory she gradually finds the strength to face the fact that her sister was only a normal girl after all br br the most special moment in the film is when the young girl and the sister's boyfriend finally stop fighting their attraction to each other i can't recall ever seeing more beautiful touching romantic <UNK> in <UNK> in a film br br in all these ways this is a truly beautiful film a film to be <UNK> and to be seen again and again 9 out of 10,the plot of this film is not complicated a very attractive young girl goes to europe in search of the reasons for her older sister's suicide ten years earlier there she meets up with her sister's former boyfriend and together they travel to all the places her sister went and gradually the reasons become clear br br but what makes this film so special and above the limited plot are the beautiful portrayals of the characters although the older sister's boyfriend is a drop out hippie he has noble ideals moral standards and incredible strengths and although the older sister who we see in flashbacks shares these ideals she doesn't have a sense of or balance of how much is too much and although the younger girl is loyal to her sister's memory she gradually finds the strength to face the fact that her sister was only a normal girl after all br br the most special moment in the film is when the young girl and the sister's boyfriend finally stop fighting their attraction to each other i can't recall ever seeing more beautiful touching romantic in in a film br br in all these ways this is a truly beautiful film a film to be and to be seen again and again out of,plot film complicated attractive young girl goes europe search reasons older sister's suicide ten years earlier meets sister's former boyfriend together travel places sister went gradually reasons become clear br br makes film special limited plot beautiful portrayals characters although older sister's boyfriend drop hippie noble ideals moral standards incredible strengths although older sister see flashbacks shares ideals sense balance much much although younger girl loyal sister's memory gradually finds strength face fact sister normal girl br br special moment film young girl sister's boyfriend finally stop fighting attraction can't recall ever seeing beautiful touching romantic film br br ways truly beautiful film film seen,1
<START> after <UNK> the boat at the end of the previous episode three minutes the survivors are shocked to find out who the <UNK> is with the use of the boat jack and <UNK> come up with a plan to confront the others however when jack <UNK> kate and <UNK> follow michael to the others jack is forced to reveal michael's deadly secret whilst they are in the middle of nowhere br br meanwhile locke decides that the time has come to find out the time has come to find out what will happen if the button is not pressed however mr resolve to continue <UNK> the button is surprisingly strong so when locke <UNK> a plan to lock <UNK> out of the <UNK> with the help of an ally <UNK> goes to surprisingly desperate <UNK> to stop locke from making what he believes will be a big mistake br br this is a classic episode of lost full of secrets suspense and very few answers to the many questions it poses to its viewers however some of the secrets this action packed episode reveals will be truly shocking to the fans there is also a trademark end of season cliffhanger which achieves the feat of being both shocking and extremely confusing one thing is guaranteed it will keep you guessing right to the very end and you will still be frustrated with more mind <UNK> questions as you wait in agony for the third season to begin,after the boat at the end of the previous episode three minutes the survivors are shocked to find out who the is with the use of the boat jack and come up with a plan to confront the others however when jack kate and follow michael to the others jack is forced to reveal michael's deadly secret whilst they are in the middle of nowhere br br meanwhile locke decides that the time has come to find out the time has come to find out what will happen if the button is not pressed however mr resolve to continue the button is surprisingly strong so when locke a plan to lock out of the with the help of an ally goes to surprisingly desperate to stop locke from making what he believes will be a big mistake br br this is a classic episode of lost full of secrets suspense and very few answers to the many questions it poses to its viewers however some of the secrets this action packed episode reveals will be truly shocking to the fans there is also a trademark end of season cliffhanger which achieves the feat of being both shocking and extremely confusing one thing is guaranteed it will keep you guessing right to the very end and you will still be frustrated with more mind questions as you wait in agony for the third season to begin,boat end previous episode three minutes survivors shocked find use boat jack come plan confront others however jack kate follow michael others jack forced reveal michael's deadly secret whilst middle nowhere br br meanwhile locke decides time come find time come find happen button pressed however mr resolve continue button surprisingly strong locke plan lock help ally goes surprisingly desperate stop locke making believes big mistake br br classic episode lost full secrets suspense answers many questions poses viewers however secrets action packed episode reveals truly shocking fans also trademark end season cliffhanger achieves feat shocking extremely confusing one thing guaranteed keep guessing right end still frustrated mind questions wait agony third season begin,1
<START> i have to agree with cal <UNK> it's a great movie specially for the family kelly <UNK> is beautiful the little girl is really talented and cute of course jim belushi has earned his <UNK> but want i really liked was the piano song if you're a musician or not watch this movie just for that you'll know which it is br br you're nobody till somebody loves you written by russ morgan larry stock and james <UNK> br br so have fun watching br br see ya br br nelson,i have to agree with cal it's a great movie specially for the family kelly is beautiful the little girl is really talented and cute of course jim belushi has earned his but want i really liked was the piano song if you're a musician or not watch this movie just for that you'll know which it is br br you're nobody till somebody loves you written by russ morgan larry stock and james br br so have fun watching br br see ya br br nelson,agree cal great movie specially family kelly beautiful little girl really talented cute course jim belushi earned want really liked piano song musician watch movie know br br nobody till somebody loves written russ morgan larry stock james br br fun watching br br see ya br br nelson,1
<START> loosely based on the james j corbett biography the <UNK> of the crowd gentleman jim is a wonderfully <UNK> picture that perfectly <UNK> not only the rise of the <UNK> <UNK> that was corbett but also the wind of change as regards the sport of boxing circa the <UNK> br br the story follows corbett a perfectly casted errol flynn from his humble <UNK> as a bank <UNK> in san <UNK> thru to a chance fight with an ex boxing champion that eventually leads to him fighting the <UNK> <UNK> champion of the world john l sullivan <UNK> <UNK> delightfully by ward bond not all the fights are in the ring tho and it's all the spin off vignettes in <UNK> life that makes this a grand entertaining picture there are class issues to overcome here perfectly played out as fellow club members pay to have him knocked down a <UNK> or two and corbett has to not only fight to get respect from his so called peers but he must also overcome his ego as it grows as <UNK> as his reputation does along with the quite wonderful corbett family and all their stoic humorous support <UNK> journey is as enthralling as it is <UNK> yet as <UNK> and as bold as he is he is a very likable character and it's a character that <UNK> the <UNK> <UNK> he got of gentleman jim br br the film never <UNK> for one moment and it's a testament to director <UNK> walsh that although we are eagerly awaiting the final fight the outer ring goings on are keeping us firmly entertained not even the love interest sub plot hurts this picture thank you <UNK> smith the fight sequences stand up really well and they perfectly show just how corbett became the <UNK> he was his brand of dancing rings round <UNK> fighters is now firmly placed in boxing history as the final reel rolls we all come down to earth as an after fight meeting between sullivan and corbett puts all the brutality into context and it's here where <UNK> and <UNK> becomes the outright winner and as far as this viewer goes it will do for me to be sure to be sure 9 10 for a truly wonderful picture,loosely based on the james j corbett biography the of the crowd gentleman jim is a wonderfully picture that perfectly not only the rise of the that was corbett but also the wind of change as regards the sport of boxing circa the br br the story follows corbett a perfectly casted errol flynn from his humble as a bank in san thru to a chance fight with an ex boxing champion that eventually leads to him fighting the champion of the world john l sullivan delightfully by ward bond not all the fights are in the ring tho and it's all the spin off vignettes in life that makes this a grand entertaining picture there are class issues to overcome here perfectly played out as fellow club members pay to have him knocked down a or two and corbett has to not only fight to get respect from his so called peers but he must also overcome his ego as it grows as as his reputation does along with the quite wonderful corbett family and all their stoic humorous support journey is as enthralling as it is yet as and as bold as he is he is a very likable character and it's a character that the he got of gentleman jim br br the film never for one moment and it's a testament to director walsh that although we are eagerly awaiting the final fight the outer ring goings on are keeping us firmly entertained not even the love interest sub plot hurts this picture thank you smith the fight sequences stand up really well and they perfectly show just how corbett became the he was his brand of dancing rings round fighters is now firmly placed in boxing history as the final reel rolls we all come down to earth as an after fight meeting between sullivan and corbett puts all the brutality into context and it's here where and becomes the outright winner and as far as this viewer goes it will do for me to be sure to be sure for a truly wonderful picture,loosely based james j corbett biography crowd gentleman jim wonderfully picture perfectly rise corbett also wind change regards sport boxing circa br br story follows corbett perfectly casted errol flynn humble bank san thru chance fight ex boxing champion eventually leads fighting champion world john l sullivan delightfully ward bond fights ring tho spin vignettes life makes grand entertaining picture class issues overcome perfectly played fellow club members pay knocked two corbett fight get respect called peers must also overcome ego grows reputation along quite wonderful corbett family stoic humorous support journey enthralling yet bold likable character character got gentleman jim br br film never one moment testament director walsh although eagerly awaiting final fight outer ring goings keeping us firmly entertained even love interest sub plot hurts picture thank smith fight sequences stand really well perfectly show corbett became brand dancing rings round fighters firmly placed boxing history final reel rolls come earth fight meeting sullivan corbett puts brutality context becomes outright winner far viewer goes sure sure truly wonderful picture,1
<START> i found the first bit of stop motion animation intriguing and the mostly live action short with the girl going about in whatever country it was kept my interest but the other 11 odd shorts really didn't <UNK> my interest or make me think of anything at all the music and <UNK> footage all seemed to be so random that it all just seemed random i would not recommend this to any one unless you get to see it free br br as for the music being so in step that didn't come across either i rented the dvd because i thought it was all stop motion animation or mixed with live action and only the first short was the second had a little stop motion mixed with mostly live action there was paper cut out stuff in one and the rest was <UNK> shots from an <UNK> camera with the music bed just didn't have any meaning to it i could see,i found the first bit of stop motion animation intriguing and the mostly live action short with the girl going about in whatever country it was kept my interest but the other odd shorts really didn't my interest or make me think of anything at all the music and footage all seemed to be so random that it all just seemed random i would not recommend this to any one unless you get to see it free br br as for the music being so in step that didn't come across either i rented the dvd because i thought it was all stop motion animation or mixed with live action and only the first short was the second had a little stop motion mixed with mostly live action there was paper cut out stuff in one and the rest was shots from an camera with the music bed just didn't have any meaning to it i could see,found first bit stop motion animation intriguing mostly live action short girl going whatever country kept interest odd shorts really interest make think anything music footage seemed random seemed random would recommend one unless get see free br br music step come across either rented dvd thought stop motion animation mixed live action first short second little stop motion mixed mostly live action paper cut stuff one rest shots camera music bed meaning could see,0
<START> to be fair i couldn't bear to watch this movie all the way thru so i have no idea if it suddenly gets better half way thru the film but the first 30 minutes or so are amongst the worst i have seen in a while children under twelve might get a kick out of the poorly written acted and directed slapstick humor but adults in full control of all their <UNK> should steer clear of this stinker,to be fair i couldn't bear to watch this movie all the way thru so i have no idea if it suddenly gets better half way thru the film but the first minutes or so are amongst the worst i have seen in a while children under twelve might get a kick out of the poorly written acted and directed slapstick humor but adults in full control of all their should steer clear of this stinker,fair bear watch movie way thru idea suddenly gets better half way thru film first minutes amongst worst seen children twelve might get kick poorly written acted directed slapstick humor adults full control steer clear stinker,0
<START> this movie is a blatant attempt by the left in hollywood to portray <UNK> administration as incompetent and <UNK> some mistakes may have been made at the time of the crisis but i'm sure not to the extent portrayed in this lame movie my first reaction was that this movie had to have been directed by oliver stone but i was wrong this time there are apparently many others,this movie is a blatant attempt by the left in hollywood to portray administration as incompetent and some mistakes may have been made at the time of the crisis but i'm sure not to the extent portrayed in this lame movie my first reaction was that this movie had to have been directed by oliver stone but i was wrong this time there are apparently many others,movie blatant attempt left hollywood portray administration incompetent mistakes may made time crisis sure extent portrayed lame movie first reaction movie directed oliver stone wrong time apparently many others,0
<START> yet another die hard straight to video rip off with cardboard <UNK> how many more of these god awful cheaply and badly made rip off of the more popular action movies of the late 1980's and early 1990's are there still lurking out there for the record not that you will care really this one is yet another blatant rip off of a combination of die hard under siege and speed 2 complete with a full <UNK> of clichés and predictability br br the non <UNK> villains are the usual selection of cardboard cut out gun <UNK> thugs who are <UNK> by various means as the film progresses the hero naturally is an ex cop or something that has family and attitude problems and of course he brings along to the party not only the usual emotional <UNK> but also a matching piece of eye candy and his annoying son br br the supposed luxury cruise liner that is running between florida and mexico is carefully described as a cross between a liner and a ferry  this goes <UNK> to explaining how come they appear to be <UNK> around on a rusty cross channel ferry  in new zealand the acting is as wooden as the deck the script <UNK> the one liners predictable the villains utterly inept and the plot has holes in it you could <UNK> a boat through br br there seems to be a never ending tide of this sort of rip off straight to video rubbish <UNK> the late night <UNK> of television and the dvd bargain <UNK> of <UNK> everywhere although even this film is so bad it has yet to see a dvd release yet but give it time is there any chance of something at least half <UNK> made semi believable and most important original no i thought <UNK>,yet another die hard straight to video rip off with cardboard how many more of these god awful cheaply and badly made rip off of the more popular action movies of the late 's and early 's are there still lurking out there for the record not that you will care really this one is yet another blatant rip off of a combination of die hard under siege and speed complete with a full of clich s and predictability br br the non villains are the usual selection of cardboard cut out gun thugs who are by various means as the film progresses the hero naturally is an ex cop or something that has family and attitude problems and of course he brings along to the party not only the usual emotional but also a matching piece of eye candy and his annoying son br br the supposed luxury cruise liner that is running between florida and mexico is carefully described as a cross between a liner and a ferry this goes to explaining how come they appear to be around on a rusty cross channel ferry in new zealand the acting is as wooden as the deck the script the one liners predictable the villains utterly inept and the plot has holes in it you could a boat through br br there seems to be a never ending tide of this sort of rip off straight to video rubbish the late night of television and the dvd bargain of everywhere although even this film is so bad it has yet to see a dvd release yet but give it time is there any chance of something at least half made semi believable and most important original no i thought,yet another die hard straight video rip cardboard many god awful cheaply badly made rip popular action movies late 's early 's still lurking record care really one yet another blatant rip combination die hard siege speed complete full clich predictability br br non villains usual selection cardboard cut gun thugs various means film progresses hero naturally ex cop something family attitude problems course brings along party usual emotional also matching piece eye candy annoying son br br supposed luxury cruise liner running florida mexico carefully described cross liner ferry goes explaining come appear around rusty cross channel ferry new zealand acting wooden deck script one liners predictable villains utterly inept plot holes could boat br br seems never ending tide sort rip straight video rubbish late night television dvd bargain everywhere although even film bad yet see dvd release yet give time chance something least half made semi believable important original thought,0
<START> this is easily my favourite film a tragic romance <UNK> with a complex mystery whose threads are all but invisible until they all unravel at the end in one fantastic rush sheer brilliance br br i'd love to see some more of <UNK> work but at least according to imdb he hasn't made any other features has the high quality of this work made producing another too <UNK> a task has he moved back into some other <UNK> of creative <UNK> i certainly hope this won't be his final feature but i can't really blame him if he decides to stop with this gem as his only contribution to the world of feature films,this is easily my favourite film a tragic romance with a complex mystery whose threads are all but invisible until they all unravel at the end in one fantastic rush sheer brilliance br br i'd love to see some more of work but at least according to imdb he hasn't made any other features has the high quality of this work made producing another too a task has he moved back into some other of creative i certainly hope this won't be his final feature but i can't really blame him if he decides to stop with this gem as his only contribution to the world of feature films,easily favourite film tragic romance complex mystery whose threads invisible unravel end one fantastic rush sheer brilliance br br love see work least according imdb made features high quality work made producing another task moved back creative certainly hope final feature can't really blame decides stop gem contribution world feature films,1
<START> i have not seen this movie at least not in its entirety i have seen a few haunting clips which have left me <UNK> to see it all one sequence remains in my memory to this day a very convincing looking <UNK> is <UNK> the dark side of the moon the pilot releases a flash device in order to photograph the hidden surface below him the moon flashes into <UNK> and for a few seconds there it is parallel lines <UNK> could it be then the light fades and the brief <UNK> of what has gone and it is time for the <UNK> to return to earth wonderful i have seen some other clips too but would love to obtain the full movie,i have not seen this movie at least not in its entirety i have seen a few haunting clips which have left me to see it all one sequence remains in my memory to this day a very convincing looking is the dark side of the moon the pilot releases a flash device in order to photograph the hidden surface below him the moon flashes into and for a few seconds there it is parallel lines could it be then the light fades and the brief of what has gone and it is time for the to return to earth wonderful i have seen some other clips too but would love to obtain the full movie,seen movie least entirety seen haunting clips left see one sequence remains memory day convincing looking dark side moon pilot releases flash device order photograph hidden surface moon flashes seconds parallel lines could light fades brief gone time return earth wonderful seen clips would love obtain full movie,1
<START> a very courageous attempt to bring one of the most intricate books of literature to the screen the story manages to get most of <UNK> basic messages across and the acting is superb the liberties taken by the script often <UNK> the meaning and do seldom <UNK> it <UNK> to writer and director,a very courageous attempt to bring one of the most intricate books of literature to the screen the story manages to get most of basic messages across and the acting is superb the liberties taken by the script often the meaning and do seldom it to writer and director,courageous attempt bring one intricate books literature screen story manages get basic messages across acting superb liberties taken script often meaning seldom writer director,1
<START> i just attended a preview screening of this film a masterpiece of documentary film making it was not totally absorbed with its subject the film becomes incapable of <UNK> any sort of critical commentary with regard to ms faye <UNK> and sappy the only redeeming quality of the film was its use of puppets in an attempt albeit a failed one to structure some kind of narrative but the <UNK> experience occurred as the closing credits rolled the audience rose and <UNK> like <UNK> to flame americans in the 21st century are still drawn to the narrative of the misunderstood monster is getting rather tired,i just attended a preview screening of this film a masterpiece of documentary film making it was not totally absorbed with its subject the film becomes incapable of any sort of critical commentary with regard to ms faye and sappy the only redeeming quality of the film was its use of puppets in an attempt albeit a failed one to structure some kind of narrative but the experience occurred as the closing credits rolled the audience rose and like to flame americans in the st century are still drawn to the narrative of the misunderstood monster is getting rather tired,attended preview screening film masterpiece documentary film making totally absorbed subject film becomes incapable sort critical commentary regard ms faye sappy redeeming quality film use puppets attempt albeit failed one structure kind narrative experience occurred closing credits rolled audience rose like flame americans st century still drawn narrative misunderstood monster getting rather tired,0
<START> i consider this film to be a complete masterpiece actually i consider it to be <UNK> best work and undoubtedly the best of all portuguese movies i don't think you can come across such a zero budget kind of film as impressive and astonishing as this one br br the direction is done with perfection at an incredible fast pace and the music also composed by <UNK> is mostly excellent the story is creepy and humorous at the same time and it is certainly an advanced study of the old saying misery loves company kind of situations <UNK> with a mind <UNK> mystery a more than perfect recipe to <UNK> the <UNK> eyes to the screen from frame one to the last br br it's been called neo hitchcock and i'll agree much like the best <UNK> it kept me guessing during the entire film and most of my <UNK> were far for what ends up being <UNK> revealed,i consider this film to be a complete masterpiece actually i consider it to be best work and undoubtedly the best of all portuguese movies i don't think you can come across such a zero budget kind of film as impressive and astonishing as this one br br the direction is done with perfection at an incredible fast pace and the music also composed by is mostly excellent the story is creepy and humorous at the same time and it is certainly an advanced study of the old saying misery loves company kind of situations with a mind mystery a more than perfect recipe to the eyes to the screen from frame one to the last br br it's been called neo hitchcock and i'll agree much like the best it kept me guessing during the entire film and most of my were far for what ends up being revealed,consider film complete masterpiece actually consider best work undoubtedly best portuguese movies think come across zero budget kind film impressive astonishing one br br direction done perfection incredible fast pace music also composed mostly excellent story creepy humorous time certainly advanced study old saying misery loves company kind situations mind mystery perfect recipe eyes screen frame one last br br called neo hitchcock agree much like best kept guessing entire film far ends revealed,1
<START> brief encounter is a ghastly and pointless remake of the 1945 david lean classic which was based on <UNK> <UNK> play still life a doctor <UNK> a <UNK> of <UNK> from a woman's eye at a <UNK> station he is in a miserable relationship she is happily married social worker of italian <UNK> they meet by accident on another occasion form an instant attraction and <UNK> to meet each other every <UNK> the pair fall in love but after spending a few <UNK> together they realise that they have no realistic chance of happiness and agree to part <UNK> original one act play concerned two ordinary people who fall in love sophia loren and richard burton two super stars and veterans of hollywood epics are <UNK> idea of <UNK> <UNK> loren in particular is miscast sophia loren in full make up looking like a million dollars working as a part time <UNK> social worker at a citizen advice <UNK> just doesn't ring true burton looking <UNK> with <UNK> hair too much make up and wearing platform shoes doesn't come across as your average general <UNK> that said you can't really blame them for having an affair after seeing their <UNK> burton is married to a literary critic who spends her <UNK> <UNK> <UNK> reviews and who treats her husband with total contempt <UNK> husband jack <UNK> <UNK> around the house all day and is <UNK> boring the most exciting thing he has ever done is nearly have an affair six years previous their final scene together will <UNK> <UNK> you've been a long long way away etc that great british <UNK> actor john <UNK> has a three minute cameo as <UNK> friend and appears to be slightly <UNK> speaking his lines in a barely <UNK> voice it's a sad and forgettable performance in a dismal awful rehash of a cinema classic avoid at all costs,brief encounter is a ghastly and pointless remake of the david lean classic which was based on play still life a doctor a of from a woman's eye at a station he is in a miserable relationship she is happily married social worker of italian they meet by accident on another occasion form an instant attraction and to meet each other every the pair fall in love but after spending a few together they realise that they have no realistic chance of happiness and agree to part original one act play concerned two ordinary people who fall in love sophia loren and richard burton two super stars and veterans of hollywood epics are idea of loren in particular is miscast sophia loren in full make up looking like a million dollars working as a part time social worker at a citizen advice just doesn't ring true burton looking with hair too much make up and wearing platform shoes doesn't come across as your average general that said you can't really blame them for having an affair after seeing their burton is married to a literary critic who spends her reviews and who treats her husband with total contempt husband jack around the house all day and is boring the most exciting thing he has ever done is nearly have an affair six years previous their final scene together will you've been a long long way away etc that great british actor john has a three minute cameo as friend and appears to be slightly speaking his lines in a barely voice it's a sad and forgettable performance in a dismal awful rehash of a cinema classic avoid at all costs,brief encounter ghastly pointless remake david lean classic based play still life doctor woman's eye station miserable relationship happily married social worker italian meet accident another occasion form instant attraction meet every pair fall love spending together realise realistic chance happiness agree part original one act play concerned two ordinary people fall love sophia loren richard burton two super stars veterans hollywood epics idea loren particular miscast sophia loren full make looking like million dollars working part time social worker citizen advice ring true burton looking hair much make wearing platform shoes come across average general said can't really blame affair seeing burton married literary critic spends reviews treats husband total contempt husband jack around house day boring exciting thing ever done nearly affair six years previous final scene together long long way away etc great british actor john three minute cameo friend appears slightly speaking lines barely voice sad forgettable performance dismal awful rehash cinema classic avoid costs,0
<START> first off the alien saves a little black boy as well as a mexican despite what the imdb plot summary suggests this film is the <UNK> of the <UNK> of male <UNK> rape the main character in this film is a george <UNK> who doesn't understand primal human <UNK> like drug abuse and murder in fact every time he uses violence to solve a problem he has an internal conflict that physically <UNK> him what a square in any case my favorite scene is when he writes the gang members a letter stating if they want the 500 bucks they get from the reading center for protection they must meet with him at the meeting he is surrounded by countless gangsters but he keeps a cool head in slow motion he punches the wooden post of a stop sign that <UNK> upon contact then still in slow motion points at the leader of the gang and says <UNK> the gang members <UNK> cool right the beauty of this film shows through in these simple <UNK> to social problems like prostitution and gang violence,first off the alien saves a little black boy as well as a mexican despite what the imdb plot summary suggests this film is the of the of male rape the main character in this film is a george who doesn't understand primal human like drug abuse and murder in fact every time he uses violence to solve a problem he has an internal conflict that physically him what a square in any case my favorite scene is when he writes the gang members a letter stating if they want the bucks they get from the reading center for protection they must meet with him at the meeting he is surrounded by countless gangsters but he keeps a cool head in slow motion he punches the wooden post of a stop sign that upon contact then still in slow motion points at the leader of the gang and says the gang members cool right the beauty of this film shows through in these simple to social problems like prostitution and gang violence,first alien saves little black boy well mexican despite imdb plot summary suggests film male rape main character film george understand primal human like drug abuse murder fact every time uses violence solve problem internal conflict physically square case favorite scene writes gang members letter stating want bucks get reading center protection must meet meeting surrounded countless gangsters keeps cool head slow motion punches wooden post stop sign upon contact still slow motion points leader gang says gang members cool right beauty film shows simple social problems like prostitution gang violence,1
<START> michael has accomplished quite a feat especially considering it is only his second start as writer producer and director generally first <UNK> lack vision and direction when <UNK> a major production but <UNK> proves mr is going places in hollywood set with beautiful scenery <UNK> boasts experienced cast members especially <UNK> james who communicate vast vision with exceptional clarity few films can mix the slasher horror genre with a genuine action adventure feel but <UNK> accomplished this completely this film certainly qualifies as one of the top notch films in both of these categories if you are looking for fast paced action with more than a <UNK> of suspense look no further i look forward to future projects with great enthusiasm well done,michael has accomplished quite a feat especially considering it is only his second as writer producer and director generally first lack vision and direction when a major production but proves mr is going places in hollywood set with beautiful scenery boasts experienced cast members especially james who communicate vast vision with exceptional clarity few films can mix the slasher horror genre with a genuine action adventure feel but accomplished this completely this film certainly qualifies as one of the top notch films in both of these categories if you are looking for fast paced action with more than a of suspense look no further i look forward to future projects with great enthusiasm well done,michael accomplished quite feat especially considering second writer producer director generally first lack vision direction major production proves mr going places hollywood set beautiful scenery boasts experienced cast members especially james communicate vast vision exceptional clarity films mix slasher horror genre genuine action adventure feel accomplished completely film certainly qualifies one top notch films categories looking fast paced action suspense look look forward future projects great enthusiasm well done,1
<START> currently this film is listed on imdb as the <UNK> worst film ever made which is exactly why i rented it from netflix however i am <UNK> to report that the film while bad is no where near bad enough to merit being in the bottom 100 films ever made list i have personally seen at least 100 films worse than this one hardly a glowing <UNK> but it just didn't meet the expected level of awfulness to be included on this infamous list br br the film begin with stewart moss and <UNK> <UNK> on their <UNK> honeymoon by the way they are married in real life as well he's a doctor who is obsessed with bats and insists they go to a nearby cave once there they behave very very very <UNK> hallmark of a bad film and are soon bitten by a bat according to this film bats love to attack people and there are vampire bats in the us both of which are not true at all br br oddly after being bitten the man doesn't even bother going to the hospital the first thing on anyone's mind especially a doctor is to get medical help immediately but not this <UNK> soon he's having <UNK> yet he still isn't interested in seeking help again and again you keep thinking that this must be the stupidest couple in film history br br after a while he eventually goes to see a doctor and is sent to the hospital but by then it's too late and his attacks become more violent and he begins killing people to suck their blood when it's totally obvious to everyone that the man is a crazed killing machine the wife who like her husband has a <UNK> for a brain refuses to believe he's dangerous even after he attacks people steals an <UNK> and runs a police car off the road br br now most of the time moss is going through these episodes his eyes roll back and he looks like a normal person oddly however a couple times he develops bat like hands and towards the end they used some nice <UNK> on him to make him look quite bat like had this been really cheesy the film would have <UNK> a 1 br br in the very end in a twist that hardly made any sense at all the wife inexplicably turned into a crazed bat lady and had a <UNK> of bats kill the evil sheriff how all this was arranged was a mystery as was <UNK> and <UNK> belief that this film would somehow help their careers though they both have had reasonably long careers on tv playing bit roles since 1974 br br overall very dumb the plot is silly and makes no sense and strongly relies on people acting way too dumb to be real not a good film at all but not among the worst films of all time either br br note for some reason imdb shows the graphic for the three dvd set for it's alive and it's two sequels of the web page for the bat people while the bat people has been seen with the title it's alive the two movies are not at all related it's easy to understand the mistake especially since they both came out in 1974 but the movie i just reviewed starred stewart moss and <UNK> <UNK> and the other film starred john ryan and sharon farrell,currently this film is listed on imdb as the worst film ever made which is exactly why i rented it from netflix however i am to report that the film while bad is no where near bad enough to merit being in the bottom films ever made list i have personally seen at least films worse than this one hardly a glowing but it just didn't meet the expected level of awfulness to be included on this infamous list br br the film begin with stewart moss and on their honeymoon by the way they are married in real life as well he's a doctor who is obsessed with bats and insists they go to a nearby cave once there they behave very very very hallmark of a bad film and are soon bitten by a bat according to this film bats love to attack people and there are vampire bats in the us both of which are not true at all br br oddly after being bitten the man doesn't even bother going to the hospital the first thing on anyone's mind especially a doctor is to get medical help immediately but not this soon he's having yet he still isn't interested in seeking help again and again you keep thinking that this must be the stupidest couple in film history br br after a while he eventually goes to see a doctor and is sent to the hospital but by then it's too late and his attacks become more violent and he begins killing people to suck their blood when it's totally obvious to everyone that the man is a crazed killing machine the wife who like her husband has a for a brain refuses to believe he's dangerous even after he attacks people steals an and runs a police car off the road br br now most of the time moss is going through these episodes his eyes roll back and he looks like a normal person oddly however a couple times he develops bat like hands and towards the end they used some nice on him to make him look quite bat like had this been really cheesy the film would have a br br in the very end in a twist that hardly made any sense at all the wife inexplicably turned into a crazed bat lady and had a of bats kill the evil sheriff how all this was arranged was a mystery as was and belief that this film would somehow help their careers though they both have had reasonably long careers on tv playing bit roles since br br overall very dumb the plot is silly and makes no sense and strongly relies on people acting way too dumb to be real not a good film at all but not among the worst films of all time either br br note for some reason imdb shows the graphic for the three dvd set for it's alive and it's two sequels of the web page for the bat people while the bat people has been seen with the title it's alive the two movies are not at all related it's easy to understand the mistake especially since they both came out in but the movie i just reviewed starred stewart moss and and the other film starred john ryan and sharon farrell,currently film listed imdb worst film ever made exactly rented netflix however report film bad near bad enough merit bottom films ever made list personally seen least films worse one hardly glowing meet expected level awfulness included infamous list br br film begin stewart moss honeymoon way married real life well doctor obsessed bats insists go nearby cave behave hallmark bad film soon bitten bat according film bats love attack people vampire bats us true br br oddly bitten man even bother going hospital first thing anyone's mind especially doctor get medical help immediately soon yet still interested seeking help keep thinking must stupidest couple film history br br eventually goes see doctor sent hospital late attacks become violent begins killing people suck blood totally obvious everyone man crazed killing machine wife like husband brain refuses believe dangerous even attacks people steals runs police car road br br time moss going episodes eyes roll back looks like normal person oddly however couple times develops bat like hands towards end used nice make look quite bat like really cheesy film would br br end twist hardly made sense wife inexplicably turned crazed bat lady bats kill evil sheriff arranged mystery belief film would somehow help careers though reasonably long careers tv playing bit roles since br br overall dumb plot silly makes sense strongly relies people acting way dumb real good film among worst films time either br br note reason imdb shows graphic three dvd set alive two sequels web page bat people bat people seen title alive two movies related easy understand mistake especially since came movie reviewed starred stewart moss film starred john ryan sharon farrell,0
<START> david <UNK> has directed one of the most enjoyable comedies of the year with this goofy farce yes it's a matter of acquired taste and depends upon a wealth of <UNK> gags but it is consistently funny throughout unlike some recent comedic efforts the film is loaded with all kinds of jokes ranging from the blatantly obvious to the more <UNK> kind that you must pay attention to everything in the frame or you'll likely miss them like his previous efforts which include airplane top secret and naked gun the humor flies out almost every second there are so many moments that work it's easy to overlook the few that fall flat what sets this movie apart from other pale <UNK> in the spoof genre is that it has an actual story line while others have <UNK> upon making fun of too many famous scenes in almost random movies take mafia please this film tells a new story with likable characters it touches upon sports films in general as well as <UNK> the real sports industry instead of <UNK> any specific movies even for people who don't care for south park its creators matt stone and <UNK> parker make a good pair of leading actors with natural chemistry the film also makes extremely effective use of cameos of <UNK> sports <UNK> and other celebrities especially a hilarious bit with robert stack of <UNK> mysteries by the way stay through the credits for a final joke with bob <UNK> and al michaels all in all <UNK> has achieved in words perhaps <UNK> to the movie's mix of sports a home <UNK>,david has directed one of the most enjoyable comedies of the year with this goofy farce yes it's a matter of acquired taste and depends upon a wealth of gags but it is consistently funny throughout unlike some recent comedic efforts the film is loaded with all kinds of jokes ranging from the blatantly obvious to the more kind that you must pay attention to everything in the frame or you'll likely miss them like his previous efforts which include airplane top secret and naked gun the humor flies out almost every second there are so many moments that work it's easy to overlook the few that fall flat what sets this movie apart from other pale in the spoof genre is that it has an actual story line while others have upon making fun of too many famous scenes in almost random movies take mafia please this film tells a new story with likable characters it touches upon sports films in general as well as the real sports industry instead of any specific movies even for people who don't care for south park its creators matt stone and parker make a good pair of leading actors with natural chemistry the film also makes extremely effective use of cameos of sports and other celebrities especially a hilarious bit with robert stack of mysteries by the way stay through the credits for a final joke with bob and al michaels all in all has achieved in words perhaps to the movie's mix of sports a home,david directed one enjoyable comedies year goofy farce yes matter acquired taste depends upon wealth gags consistently funny throughout unlike recent comedic efforts film loaded kinds jokes ranging blatantly obvious kind must pay attention everything frame likely miss like previous efforts include airplane top secret naked gun humor flies almost every second many moments work easy overlook fall flat sets movie apart pale spoof genre actual story line others upon making fun many famous scenes almost random movies take mafia please film tells new story likable characters touches upon sports films general well real sports industry instead specific movies even people care south park creators matt stone parker make good pair leading actors natural chemistry film also makes extremely effective use cameos sports celebrities especially hilarious bit robert stack mysteries way stay credits final joke bob al michaels achieved words perhaps movie's mix sports home,1
<START> <UNK> i love this the tale of the cat and the moon doesn't really need an synopsis as that's what it is the cat chasing the moon to a spanish poem it's the artistry that's interesting in fact there was this animated short called the fan and the flower that was an academy award winner last year 2005 yeah almost same thing which leads me to believe it might just be a rip off br br but this is a really good short with stark black white <UNK> shifting and <UNK> into beautiful motion and poetic seduction if you believe cats are poetry in motion see this and you'll believe it more br br also it has such a touching end br br <UNK>,i love this the tale of the cat and the moon doesn't really need an synopsis as that's what it is the cat chasing the moon to a spanish poem it's the artistry that's interesting in fact there was this animated short called the fan and the flower that was an academy award winner last year yeah almost same thing which leads me to believe it might just be a rip off br br but this is a really good short with stark black white shifting and into beautiful motion and poetic seduction if you believe cats are poetry in motion see this and you'll believe it more br br also it has such a touching end br br,love tale cat moon really need synopsis that's cat chasing moon spanish poem artistry that's interesting fact animated short called fan flower academy award winner last year yeah almost thing leads believe might rip br br really good short stark black white shifting beautiful motion poetic seduction believe cats poetry motion see believe br br also touching end br br,1
<START> <UNK> hold a tiny bit of cult value simply because it was written and directed by george <UNK> this italian bloke is more or less the <UNK> of male sleaze and starred in pretty much every <UNK> joe <UNK> production during the late 70's early 80's wouldn't it be interesting for avid euro cult <UNK> to own the only movie directed by the guy who walked around bare <UNK> in erotic nights of the living dead all the time i thought so now unlike the movies he starred in <UNK> own <UNK> is kind of disappointing in the gore sleaze <UNK> there are a handful of nasty murders cheesy monster effects and naked female bodies a guest appearance by sleaze queen laura <UNK> on display but it's mainly a <UNK> movie the handsome <UNK> dr <UNK> is on the verge of a scientific breakthrough with his research on human <UNK> <UNK> when suddenly the university he works for threatens to <UNK> his <UNK> he developed a theory to <UNK> <UNK> and block the human <UNK> process but if he doesn't come up with detailed reports any time soon his research will be stopped so dr <UNK> does what any intelligent scientist would do and <UNK> the <UNK> serum into his own <UNK> needless to say and like the title implies he slowly turns into murderous monster that actually ages much <UNK> in other words his research sucked like the other reviewers already mentioned this movie borrows a lot of ideas from david <UNK> the fly  the dramatic romance sub plot included but doesn't add any originality from its own the big difference is that you constantly feel connected with jeff <UNK> character in the fly whereas dr <UNK> becomes just another monster that needs to be destroyed as fast as possible the rapid <UNK> syndrome aspect also reminded me of <UNK> <UNK> sadly underrated giallo phantom of death only the protagonist in that film inherited the disease and didn't <UNK> it on himself the physical <UNK> of the <UNK> is very similar in both films though few scares or excitement to discover here instead the movie features loads of bad acting poor lighting lousy editing and a completely retarded climax to boot feel free to skip this one,hold a tiny bit of cult value simply because it was written and directed by george this italian bloke is more or less the of male sleaze and starred in pretty much every joe production during the late 's early 's wouldn't it be interesting for avid euro cult to own the only movie directed by the guy who walked around bare in erotic nights of the living dead all the time i thought so now unlike the movies he starred in own is kind of disappointing in the gore sleaze there are a handful of nasty murders cheesy monster effects and naked female bodies a guest appearance by sleaze queen laura on display but it's mainly a movie the handsome dr is on the verge of a scientific breakthrough with his research on human when suddenly the university he works for threatens to his he developed a theory to and block the human process but if he doesn't come up with detailed reports any time soon his research will be stopped so dr does what any intelligent scientist would do and the serum into his own needless to say and like the title implies he slowly turns into murderous monster that actually ages much in other words his research sucked like the other reviewers already mentioned this movie borrows a lot of ideas from david the fly the dramatic romance sub plot included but doesn't add any originality from its own the big difference is that you constantly feel connected with jeff character in the fly whereas dr becomes just another monster that needs to be destroyed as fast as possible the rapid syndrome aspect also reminded me of sadly underrated giallo phantom of death only the protagonist in that film inherited the disease and didn't it on himself the physical of the is very similar in both films though few scares or excitement to discover here instead the movie features loads of bad acting poor lighting lousy editing and a completely retarded climax to boot feel free to skip this one,hold tiny bit cult value simply written directed george italian bloke less male sleaze starred pretty much every joe production late 's early 's interesting avid euro cult movie directed guy walked around bare erotic nights living dead time thought unlike movies starred kind disappointing gore sleaze handful nasty murders cheesy monster effects naked female bodies guest appearance sleaze queen laura display mainly movie handsome dr verge scientific breakthrough research human suddenly university works threatens developed theory block human process come detailed reports time soon research stopped dr intelligent scientist would serum needless say like title implies slowly turns murderous monster actually ages much words research sucked like reviewers already mentioned movie borrows lot ideas david fly dramatic romance sub plot included add originality big difference constantly feel connected jeff character fly whereas dr becomes another monster needs destroyed fast possible rapid syndrome aspect also reminded sadly underrated giallo phantom death protagonist film inherited disease physical similar films though scares excitement discover instead movie features loads bad acting poor lighting lousy editing completely retarded climax boot feel free skip one,0
<START> master <UNK> <UNK> <UNK> likes to work with those actors who are a part of his family in this film too we see <UNK> family members like pierre <UNK> <UNK> <UNK> <UNK> <UNK> and <UNK> <UNK> dealing with serious themes like death religion suicide love and their overall <UNK> on our daily lives the <UNK> nature of relationship shared by these people is evident as even friends they address each other using a <UNK> you in 1984 while making <UNK> <UNK> <UNK> <UNK> dealt with time memory and space to unravel the mysteries of a fundamental question of human existence is love stronger than death it was 16 years ago in 1968 that <UNK> made a somewhat similar film je t'aime je t'aime which was also about love and memories message of this film is loud and clear true and deep love can even put science to shame as dead lovers regain their lost lives leaving doctors to care for their reputation <UNK> <UNK> <UNK> is like a game which is not at all <UNK> it is a film in which the musical score is in perfect <UNK> with its images this is one of the reasons why this film can easily be <UNK>,master likes to work with those actors who are a part of his family in this film too we see family members like pierre and dealing with serious themes like death religion suicide love and their overall on our daily lives the nature of relationship shared by these people is evident as even friends they address each other using a you in while making dealt with time memory and space to unravel the mysteries of a fundamental question of human existence is love stronger than death it was years ago in that made a somewhat similar film je t'aime je t'aime which was also about love and memories message of this film is loud and clear true and deep love can even put science to shame as dead lovers regain their lost lives leaving doctors to care for their reputation is like a game which is not at all it is a film in which the musical score is in perfect with its images this is one of the reasons why this film can easily be,master likes work actors part family film see family members like pierre dealing serious themes like death religion suicide love overall daily lives nature relationship shared people evident even friends address using making dealt time memory space unravel mysteries fundamental question human existence love stronger death years ago made somewhat similar film je t'aime je t'aime also love memories message film loud clear true deep love even put science shame dead lovers regain lost lives leaving doctors care reputation like game film musical score perfect images one reasons film easily,1
<START> total garbage no reflection to washington heights what so ever if i had four arms i'll give it four <UNK> way down acting performance worst than storyline truly over rated hour and a half of visual torture rather watch ben movies for the rest of my life feel bad for the films that lost to this crap what were the judges at the film festival watching total garbage no reflection to washington heights what so ever if i had four arms i'll give it four <UNK> way down acting performance worst than storyline truly over rated hour and a half of visual torture rather watch ben movies for the rest of my life feel bad for the films that lost to this crap what were the judges at the film festival watching,total garbage no reflection to washington heights what so ever if i had four arms i'll give it four way down acting performance worst than storyline truly over rated hour and a half of visual torture rather watch ben movies for the rest of my life feel bad for the films that lost to this crap what were the judges at the film festival watching total garbage no reflection to washington heights what so ever if i had four arms i'll give it four way down acting performance worst than storyline truly over rated hour and a half of visual torture rather watch ben movies for the rest of my life feel bad for the films that lost to this crap what were the judges at the film festival watching,total garbage reflection washington heights ever four arms give four way acting performance worst storyline truly rated hour half visual torture rather watch ben movies rest life feel bad films lost crap judges film festival watching total garbage reflection washington heights ever four arms give four way acting performance worst storyline truly rated hour half visual torture rather watch ben movies rest life feel bad films lost crap judges film festival watching,0
<START> the <UNK> 1976 is an extraordinary <UNK> account of the fight against the nazis in german occupied the <UNK> reflects the russian obsession with the horrors of the great patriotic war but unusually is both <UNK> in religious symbolism and ready to acknowledge the existence of the less than great russian <UNK> the true battle is not with the nazis who <UNK> in the background as mere extras but between the russian nazi investigator and the captured <UNK> who finds the spiritual strength to go to his death with its many references to the <UNK> the story takes on heroic proportions <UNK> the <UNK> of the <UNK> and his influence on future generations a remarkable piece of work,the is an extraordinary account of the fight against the nazis in german occupied the reflects the russian obsession with the horrors of the great patriotic war but unusually is both in religious symbolism and ready to acknowledge the existence of the less than great russian the true battle is not with the nazis who in the background as mere extras but between the russian nazi investigator and the captured who finds the spiritual strength to go to his death with its many references to the the story takes on heroic proportions the of the and his influence on future generations a remarkable piece of work,extraordinary account fight nazis german occupied reflects russian obsession horrors great patriotic war unusually religious symbolism ready acknowledge existence less great russian true battle nazis background mere extras russian nazi investigator captured finds spiritual strength go death many references story takes heroic proportions influence future generations remarkable piece work,1
<START> my discovery of the cinema of jan <UNK> opened my eyes to a whole tradition of czech animation of which <UNK> <UNK> was a <UNK> his <UNK> is one of the finest most technically impressive animated movies i've ever seen br br a potter wakes up and waters his plant then he goes about making a pot but in comes the huge hand which crashes the pot and demands that the potter make a statue of itself he casts the hand out but soon it returns and <UNK> him in a bird cage where he's forced to <UNK> a stone hand he sets about it <UNK> from <UNK> but eventually <UNK> the task br br in a marvellous sequence of <UNK> the potter uses a candle to burn his visible puppet strings which keep him in <UNK> and he escapes back home he <UNK> himself in and is accidentally killed by his own beloved plant when it falls on his head br br this movie doesn't hide the fact it's pure animation unlike modern movies that <UNK> to be realistic why the hand for instance is clearly someone's hand in a <UNK> everything else is clay strings are visible and are part of the narrative making it a <UNK> of the movie strings the atmosphere is eerie that hand going after the little potter managed to <UNK> more dread in me than many horror movies combined br br the movie is obvious but it avoids being totally manipulative for its simplicity it's a fable about artistic freedom and <UNK> which can't help winning the heart and mind of anyone who holds freedom as a natural right,my discovery of the cinema of jan opened my eyes to a whole tradition of czech animation of which was a his is one of the finest most technically impressive animated movies i've ever seen br br a potter wakes up and waters his plant then he goes about making a pot but in comes the huge hand which crashes the pot and demands that the potter make a statue of itself he casts the hand out but soon it returns and him in a bird cage where he's forced to a stone hand he sets about it from but eventually the task br br in a marvellous sequence of the potter uses a candle to burn his visible puppet strings which keep him in and he escapes back home he himself in and is accidentally killed by his own beloved plant when it falls on his head br br this movie doesn't hide the fact it's pure animation unlike modern movies that to be realistic why the hand for instance is clearly someone's hand in a everything else is clay strings are visible and are part of the narrative making it a of the movie strings the atmosphere is eerie that hand going after the little potter managed to more dread in me than many horror movies combined br br the movie is obvious but it avoids being totally manipulative for its simplicity it's a fable about artistic freedom and which can't help winning the heart and mind of anyone who holds freedom as a natural right,discovery cinema jan opened eyes whole tradition czech animation one finest technically impressive animated movies ever seen br br potter wakes waters plant goes making pot comes huge hand crashes pot demands potter make statue casts hand soon returns bird cage forced stone hand sets eventually task br br marvellous sequence potter uses candle burn visible puppet strings keep escapes back home accidentally killed beloved plant falls head br br movie hide fact pure animation unlike modern movies realistic hand instance clearly someone's hand everything else clay strings visible part narrative making movie strings atmosphere eerie hand going little potter managed dread many horror movies combined br br movie obvious avoids totally manipulative simplicity fable artistic freedom can't help winning heart mind anyone holds freedom natural right,1
<START> when i first saw this film i thought it was going to be a good sasquatch film usually when you have these types of movies there's generally one sasquatch but in this one there is like what 7 or 10 of them acting was good plot was ok i liked the scenes where the sasquatch is killing the first few victims very good camera work i was expecting it to be a gory film but it was very little this movie was way better than sasquatch the sci fi channel really needs to make more sasquatch films i mean i really liked sasquatch mountain <UNK> was not good the one i'm reviewing is ok but the movie sasquatch was not but i'm not reviewing that so let me get back on track this movie is good for a rainy <UNK> afternoon but for any other occasions no,when i first saw this film i thought it was going to be a good sasquatch film usually when you have these types of movies there's generally one sasquatch but in this one there is like what or of them acting was good plot was ok i liked the scenes where the sasquatch is killing the first few victims very good camera work i was expecting it to be a gory film but it was very little this movie was way better than sasquatch the sci fi channel really needs to make more sasquatch films i mean i really liked sasquatch mountain was not good the one i'm reviewing is ok but the movie sasquatch was not but i'm not reviewing that so let me get back on track this movie is good for a rainy afternoon but for any other occasions no,first saw film thought going good sasquatch film usually types movies there's generally one sasquatch one like acting good plot ok liked scenes sasquatch killing first victims good camera work expecting gory film little movie way better sasquatch sci fi channel really needs make sasquatch films mean really liked sasquatch mountain good one reviewing ok movie sasquatch reviewing let get back track movie good rainy afternoon occasions,0
<START> the only kung fu epic worth watching the best training ever the main character spending a hundred day's on his knees outside the shaolin temple show how desperate he is to learn kung fu to fight the <UNK> dogs who have taken over china,the only kung fu epic worth watching the best training ever the main character spending a hundred day's on his knees outside the shaolin temple show how desperate he is to learn kung fu to fight the dogs who have taken over china,kung fu epic worth watching best training ever main character spending hundred day's knees outside shaolin temple show desperate learn kung fu fight dogs taken china,1
<START> it wasn't good the characters were underdeveloped and the only personality were from the memories i had of the previous movie which <UNK> with the <UNK> personalities or lack thereof i seriously thought the opening scene was a nightmare by ariel because of how absurd it was it was serious it just reminded me of all the annoying characters on the disney channel everyone is <UNK> and the story jumps from action to embarrassing scenes without any really connection br br the most disappointing part was the horrible songs not catchy not amazing in the original ariel had an amazing and powerful voice and all the song are catchy and fun you remember them and want to sing them but the songs in this movie weren't creative in the least it's as if they're talking in a annoying sing song voice quite <UNK> disappointing i don't have that want to sing them feeling you normally get from a disney movie br br it's as if not one wanted to do this movie so they barely made an effort this movie would needs a new story line new catchy songs and more warmth and enthusiasm without the annoying look at me look at me i'm so annoying mentality of this generation of disney ',it wasn't good the characters were underdeveloped and the only personality were from the memories i had of the previous movie which with the personalities or lack thereof i seriously thought the opening scene was a nightmare by ariel because of how absurd it was it was serious it just reminded me of all the annoying characters on the disney channel everyone is and the story jumps from action to embarrassing scenes without any really connection br br the most disappointing part was the horrible songs not catchy not amazing in the original ariel had an amazing and powerful voice and all the song are catchy and fun you remember them and want to sing them but the songs in this movie weren't creative in the least it's as if they're talking in a annoying sing song voice quite disappointing i don't have that want to sing them feeling you normally get from a disney movie br br it's as if not one wanted to do this movie so they barely made an effort this movie would needs a new story line new catchy songs and more warmth and enthusiasm without the annoying look at me look at me i'm so annoying mentality of this generation of disney ',good characters underdeveloped personality memories previous movie personalities lack thereof seriously thought opening scene nightmare ariel absurd serious reminded annoying characters disney channel everyone story jumps action embarrassing scenes without really connection br br disappointing part horrible songs catchy amazing original ariel amazing powerful voice song catchy fun remember want sing songs movie creative least talking annoying sing song voice quite disappointing want sing feeling normally get disney movie br br one wanted movie barely made effort movie would needs new story line new catchy songs warmth enthusiasm without annoying look look annoying mentality generation disney ',0
<START> i wasn't really hoping for much when i went to see this after <UNK> the heck out of <UNK> with some friends though i was hoping for a similar experience here br br unfortunately the movie took itself way too seriously do i care about <UNK> problems i'm sorry no there are a legion <UNK> movies that cover that anyway at at then end of the day he's an undead serial killer i'm just not going to get that sympathetic br br freddy was by far the most interesting aspect of the movie with the hallucinations and what not but unfortunately they were few and far between and by the end of the movie it had <UNK> into a bad episode of celebrity <UNK> only not funny br br,i wasn't really hoping for much when i went to see this after the heck out of with some friends though i was hoping for a similar experience here br br unfortunately the movie took itself way too seriously do i care about problems i'm sorry no there are a legion movies that cover that anyway at at then end of the day he's an undead serial killer i'm just not going to get that sympathetic br br freddy was by far the most interesting aspect of the movie with the hallucinations and what not but unfortunately they were few and far between and by the end of the movie it had into a bad episode of celebrity only not funny br br,really hoping much went see heck friends though hoping similar experience br br unfortunately movie took way seriously care problems sorry legion movies cover anyway end day undead serial killer going get sympathetic br br freddy far interesting aspect movie hallucinations unfortunately far end movie bad episode celebrity funny br br,0
<START> a film that deserved theatrical release this made for television movie is a cinematic gem that <UNK> the technique of michael mann with stirring contemporary music tightly integrated to the visual images always with mr mann the of impact by the music is almost as if there is an invisible academy award winning actor added to the ensemble of cast writer director and cinematographer br br this film is definitely one of my all time favorites while nothing is perfect this film comes very very close br br along with an excellent script great direction and masterful acting by richard <UNK> there is an all star ensemble of character actors at their finest roger <UNK> brian <UNK> ed <UNK> geoffrey lewis richard <UNK> <UNK> william prince burton <UNK> <UNK> richard <UNK> and billy green bush you may not recognize the names but you will recognize every face br br if this comes on tv sit down with popcorn turn up the sound for an amazing soundtrack and score and prepare to be <UNK> for the <UNK> minutes of the film i highly recommend recording it since it is only available on vhs and dvd from holland and the dvd is region 2 <UNK>,a film that deserved theatrical release this made for television movie is a cinematic gem that the technique of michael mann with stirring contemporary music tightly integrated to the visual images always with mr mann the of impact by the music is almost as if there is an invisible academy award winning actor added to the ensemble of cast writer director and cinematographer br br this film is definitely one of my all time favorites while nothing is perfect this film comes very very close br br along with an excellent script great direction and masterful acting by richard there is an all star ensemble of character actors at their finest roger brian ed geoffrey lewis richard william prince burton richard and billy green bush you may not recognize the names but you will recognize every face br br if this comes on tv sit down with popcorn turn up the sound for an amazing soundtrack and score and prepare to be for the minutes of the film i highly recommend recording it since it is only available on vhs and dvd from holland and the dvd is region,film deserved theatrical release made television movie cinematic gem technique michael mann stirring contemporary music tightly integrated visual images always mr mann impact music almost invisible academy award winning actor added ensemble cast writer director cinematographer br br film definitely one time favorites nothing perfect film comes close br br along excellent script great direction masterful acting richard star ensemble character actors finest roger brian ed geoffrey lewis richard william prince burton richard billy green bush may recognize names recognize every face br br comes tv sit popcorn turn sound amazing soundtrack score prepare minutes film highly recommend recording since available vhs dvd holland dvd region,1
<START> five years after the us civil war western folk are more concerned with the age old war between and cattle <UNK> the <UNK> herd their <UNK> from texas to the trail town of kansas there the <UNK> find not only big money but also big confrontation with tall in the <UNK> <UNK> randolph scott as dan mitchell tries to keep peace in the town mr scott has experience between trail hands and saloon <UNK> he also <UNK> the town's finest looking women sexy saloon singer ann <UNK> as rita and pretty church lady <UNK> <UNK> as <UNK> <UNK> county sheriff edgar <UNK> as bravo <UNK> offers more comic relief than sharp shooting assistance br br town begins with some promising symbolism and contrast <UNK> <UNK> scott and ms <UNK> singing a <UNK> in church then the camera switches to ms <UNK> <UNK> singing her saloon number which causes a man to fire his gun in pleasure after that it really becomes quite a standard western it is somehow <UNK> than it should be but not quite awful young lloyd bridges appears as one of the <UNK> costume is the film's greatest asset in it she is a real <UNK> br br town 1 11 <UNK> <UNK> l <UNK> randolph scott ann <UNK> edgar <UNK>,five years after the us civil war western folk are more concerned with the age old war between and cattle the herd their from texas to the trail town of kansas there the find not only big money but also big confrontation with tall in the randolph scott as dan mitchell tries to keep peace in the town mr scott has experience between trail hands and saloon he also the town's finest looking women sexy saloon singer ann as rita and pretty church lady as county sheriff edgar as bravo offers more comic relief than sharp shooting assistance br br town begins with some promising symbolism and contrast scott and ms singing a in church then the camera switches to ms singing her saloon number which causes a man to fire his gun in pleasure after that it really becomes quite a standard western it is somehow than it should be but not quite awful young lloyd bridges appears as one of the costume is the film's greatest asset in it she is a real br br town l randolph scott ann edgar,five years us civil war western folk concerned age old war cattle herd texas trail town kansas find big money also big confrontation tall randolph scott dan mitchell tries keep peace town mr scott experience trail hands saloon also town's finest looking women sexy saloon singer ann rita pretty church lady county sheriff edgar bravo offers comic relief sharp shooting assistance br br town begins promising symbolism contrast scott ms singing church camera switches ms singing saloon number causes man fire gun pleasure really becomes quite standard western somehow quite awful young lloyd bridges appears one costume film's greatest asset real br br town l randolph scott ann edgar,0
<START> definitely worth renting good clean family entertainment my 4 and 5 year olds and i loved it kept them on the edge of their seats i recommend parents sit with their younger children to watch this as it can be quite suspenseful for them it's not too often you can find movies that you can watch with your children and so this is a rare find some of the acting realism isn't quite there at times or maybe is a little corny but children don't seem to notice or care they love it parts are predictable but other parts are not like trying to figure out who the good guys are and who the bad guys are the movie doesn't have any really scary creepy stuff and so i doubt it will give children nightmares it does inspire children to dream which is something we need to encourage and foster more in our children rent and be blessed,definitely worth renting good clean family entertainment my and year olds and i loved it kept them on the edge of their seats i recommend parents sit with their younger children to watch this as it can be quite suspenseful for them it's not too often you can find movies that you can watch with your children and so this is a rare find some of the acting realism isn't quite there at times or maybe is a little corny but children don't seem to notice or care they love it parts are predictable but other parts are not like trying to figure out who the good guys are and who the bad guys are the movie doesn't have any really scary creepy stuff and so i doubt it will give children nightmares it does inspire children to dream which is something we need to encourage and foster more in our children rent and be blessed,definitely worth renting good clean family entertainment year olds loved kept edge seats recommend parents sit younger children watch quite suspenseful often find movies watch children rare find acting realism quite times maybe little corny children seem notice care love parts predictable parts like trying figure good guys bad guys movie really scary creepy stuff doubt give children nightmares inspire children dream something need encourage foster children rent blessed,1
<START> the treasure island dvd should be required viewing in any film production course it's a <UNK> example of how not to make a movie watching the movie and then listening to the writer director's commentary demonstrates <UNK> the vast <UNK> between what he knows about the characters and what he <UNK> to his audience about them call me old fashioned but i think of movies as a means of communication and communication isn't complete if the audience doesn't know what the hell the director is talking about the director's <UNK> purpose is to make a movie void of hollywood conventions among those conventions alas is <UNK> of character and clarity of concept the director himself realizes that audiences often don't understand points where he has <UNK> avoided a hollywood cliché however he never seems to grasp the idea that clichés exist for a reason they are <UNK> for conveying complex ideas quickly and clearly it's fine to avoid them but they need to be replaced with some other way of <UNK> the same idea not simply eliminated the film is built on an intriguing premise rich with potential two puppets are assigned to <UNK> a personality and background for an <UNK> corpse that is to be used in a <UNK> mission in the closing days of wwii soon each begins to <UNK> their personal fantasies with the character and their invention becomes increasingly real to them someone with less disdain for the hollywood convention of traditional storytelling could create a wonderful film with this idea this film certainly isn't it the puppets do everything they can to bring <UNK> to these characters but they are all too often defeated by the <UNK> and confused script in particular i'm becoming increasingly impressed by <UNK> who plays the lively corpse in a number of muppet films he always stands out as a very charismatic puppet,the treasure island dvd should be required viewing in any film production course it's a example of how not to make a movie watching the movie and then listening to the writer director's commentary demonstrates the vast between what he knows about the characters and what he to his audience about them call me old fashioned but i think of movies as a means of communication and communication isn't complete if the audience doesn't know what the hell the director is talking about the director's purpose is to make a movie void of hollywood conventions among those conventions alas is of character and clarity of concept the director himself realizes that audiences often don't understand points where he has avoided a hollywood clich however he never seems to grasp the idea that clich s exist for a reason they are for conveying complex ideas quickly and clearly it's fine to avoid them but they need to be replaced with some other way of the same idea not simply eliminated the film is built on an intriguing premise rich with potential two puppets are assigned to a personality and background for an corpse that is to be used in a mission in the closing days of wwii soon each begins to their personal fantasies with the character and their invention becomes increasingly real to them someone with less disdain for the hollywood convention of traditional storytelling could create a wonderful film with this idea this film certainly isn't it the puppets do everything they can to bring to these characters but they are all too often defeated by the and confused script in particular i'm becoming increasingly impressed by who plays the lively corpse in a number of muppet films he always stands out as a very charismatic puppet,treasure island dvd required viewing film production course example make movie watching movie listening writer director's commentary demonstrates vast knows characters audience call old fashioned think movies means communication communication complete audience know hell director talking director's purpose make movie void hollywood conventions among conventions alas character clarity concept director realizes audiences often understand points avoided hollywood clich however never seems grasp idea clich exist reason conveying complex ideas quickly clearly fine avoid need replaced way idea simply eliminated film built intriguing premise rich potential two puppets assigned personality background corpse used mission closing days wwii soon begins personal fantasies character invention becomes increasingly real someone less disdain hollywood convention traditional storytelling could create wonderful film idea film certainly puppets everything bring characters often defeated confused script particular becoming increasingly impressed plays lively corpse number muppet films always stands charismatic puppet,0
<START> and i'll tell you why whoever decided to edit this movie to make it suitable for television was very ill advised everything concerning drugs is cut out and covered up how do they do it you might ask well they don't do it very well that's for sure anyway instead of the marijuana which cheech and chong are supposed to have in their possession they are said to have <UNK> still the characters go around in a <UNK> of marijuana smoke <UNK> others along their way with no explanation whatsoever,and i'll tell you why whoever decided to edit this movie to make it suitable for television was very ill advised everything concerning drugs is cut out and covered up how do they do it you might ask well they don't do it very well that's for sure anyway instead of the marijuana which cheech and chong are supposed to have in their possession they are said to have still the characters go around in a of marijuana smoke others along their way with no explanation whatsoever,tell whoever decided edit movie make suitable television ill advised everything concerning drugs cut covered might ask well well that's sure anyway instead marijuana cheech chong supposed possession said still characters go around marijuana smoke others along way explanation whatsoever,1
<START> when i rented this movie i half expected it to be a low budget plot less <UNK> film but thought i'd give it a try i started watching part 1 and couldn't pull myself away till it ended 3 hours later it was by far one of my absolute favorite films of all time from the writing to the directing to the performances i was laughing crying and singing all the way through <UNK> <UNK> of passage from innocence to <UNK> <UNK> <UNK> is phenomenal in this film i had never heard of her before but now i will forever remember the vulnerability and strength i felt in her performance she <UNK> and may are incredible as they guide you through the emotional <UNK> that most feel as they deal with an alternate form of sexuality the fact that the film is set in the <UNK> not only <UNK> the audience about homosexuality in that time period but makes a statement about our society today you must see this film and probably like myself you'll be making a trip to the store to add it to your collection,when i rented this movie i half expected it to be a low budget plot less film but thought i'd give it a try i started watching part and couldn't pull myself away till it ended hours later it was by far one of my absolute favorite films of all time from the writing to the directing to the performances i was laughing crying and singing all the way through of passage from innocence to is phenomenal in this film i had never heard of her before but now i will forever remember the vulnerability and strength i felt in her performance she and may are incredible as they guide you through the emotional that most feel as they deal with an alternate form of sexuality the fact that the film is set in the not only the audience about homosexuality in that time period but makes a statement about our society today you must see this film and probably like myself you'll be making a trip to the store to add it to your collection,rented movie half expected low budget plot less film thought give try started watching part pull away till ended hours later far one absolute favorite films time writing directing performances laughing crying singing way passage innocence phenomenal film never heard forever remember vulnerability strength felt performance may incredible guide emotional feel deal alternate form sexuality fact film set audience homosexuality time period makes statement society today must see film probably like making trip store add collection,1
<START> prime suspect 4 continues the exploits of the <UNK> and <UNK> <UNK> of truth and justice detective <UNK> jane the first of three miniseries with the notable absence of <UNK> writer <UNK> la <UNK> from the credits <UNK> with the same gritty reality of the first three series the second three series pit against the forces of evil while <UNK> with middle age loneliness <UNK> a host of personal and professional problems and <UNK> which are sometimes less than ideal <UNK> two stories while are single episodes each which find seeking justice on behalf of the brutally <UNK> while <UNK> war against <UNK> which are willing to sacrifice the interests of her victims for those of a greater good in other words to <UNK> must overcome both evil and good forces something which makes the always gray scenarios of the ps series yet and the wars as much a matter of principle as of finding murderers very good stuff which only gets better from series to series b,prime suspect continues the exploits of the and of truth and justice detective jane the first of three miniseries with the notable absence of writer la from the credits with the same gritty reality of the first three series the second three series pit against the forces of evil while with middle age loneliness a host of personal and professional problems and which are sometimes less than ideal two stories while are single episodes each which find seeking justice on behalf of the brutally while war against which are willing to sacrifice the interests of her victims for those of a greater good in other words to must overcome both evil and good forces something which makes the always gray scenarios of the ps series yet and the wars as much a matter of principle as of finding murderers very good stuff which only gets better from series to series b,prime suspect continues exploits truth justice detective jane first three miniseries notable absence writer la credits gritty reality first three series second three series pit forces evil middle age loneliness host personal professional problems sometimes less ideal two stories single episodes find seeking justice behalf brutally war willing sacrifice interests victims greater good words must overcome evil good forces something makes always gray scenarios ps series yet wars much matter principle finding murderers good stuff gets better series series b,1
<START> this <UNK> eye special was <UNK> by complaints more on that later when it was broadcast in 2001 following a national debate around a possible sarah s law following the <UNK> and murder of school girl sarah payne in fact it s <UNK> was <UNK> while phil collins took legal advice after he found out he d been fooled by the show s maker chris morris into a starting a campaign entitled sense br br if truth be told this show is probably more remembered for the controversy than the content which is in very poor taste but i do confess that i laughed out loud the edition <UNK> around and how society treats both them and their victims chris morris plays the <UNK> who tells the audience that an infamous <UNK> has been launched into space then <UNK> that an eight year old child has accidentally been placed into the capsule along with the <UNK> cue the child s frightened screams like i said very poor taste br br other highlights of the show include dr fox giving a scientific lecture that share an identical nervous system to <UNK> no one knows this but it s a scientific fact <UNK> <UNK> barbara <UNK> giving a public warning about equipment put on their <UNK> while surfing the net and kate <UNK> warning viewers that can send gas through the internet which makes young children to sexual <UNK> including one victim who was once a shy innocent child and who now has the sexuality of a sixty year old colonel morris also shows a police officer in the child protection squad a serious of photos wanting to know if they re <UNK> as obscene the photos included <UNK> surrounded by a marital aids and a <UNK> photo featuring a young boys head a dog s body and an <UNK> penis that could only have <UNK> to john holmes hey i never said this show was <UNK> did i br br it s impossible to mention without the <UNK> fall out that surrounded it where politicians <UNK> <UNK> and policemen rushed to <UNK> the show for making fun of a very serious subject the show was poor taste despite me laughing all the way through it but it s a biting satire perhaps the critics should take a long hard look in the mirror where a liberal elite allows convicted <UNK> <UNK> to walk around the streets of britain before they <UNK> a mere tv show for tensions,this eye special was by complaints more on that later when it was broadcast in following a national debate around a possible sarah s law following the and murder of school girl sarah payne in fact it s was while phil collins took legal advice after he found out he d been fooled by the show s maker chris morris into a starting a campaign entitled sense br br if truth be told this show is probably more remembered for the controversy than the content which is in very poor taste but i do confess that i laughed out loud the edition around and how society treats both them and their victims chris morris plays the who tells the audience that an infamous has been launched into space then that an eight year old child has accidentally been placed into the capsule along with the cue the child s frightened screams like i said very poor taste br br other highlights of the show include dr fox giving a scientific lecture that share an identical nervous system to no one knows this but it s a scientific fact barbara giving a public warning about equipment put on their while surfing the net and kate warning viewers that can send gas through the internet which makes young children to sexual including one victim who was once a shy innocent child and who now has the sexuality of a sixty year old colonel morris also shows a police officer in the child protection squad a serious of photos wanting to know if they re as obscene the photos included surrounded by a marital aids and a photo featuring a young boys head a dog s body and an penis that could only have to john holmes hey i never said this show was did i br br it s impossible to mention without the fall out that surrounded it where politicians and policemen rushed to the show for making fun of a very serious subject the show was poor taste despite me laughing all the way through it but it s a biting satire perhaps the critics should take a long hard look in the mirror where a liberal elite allows convicted to walk around the streets of britain before they a mere tv show for tensions,eye special complaints later broadcast following national debate around possible sarah law following murder school girl sarah payne fact phil collins took legal advice found fooled show maker chris morris starting campaign entitled sense br br truth told show probably remembered controversy content poor taste confess laughed loud edition around society treats victims chris morris plays tells audience infamous launched space eight year old child accidentally placed capsule along cue child frightened screams like said poor taste br br highlights show include dr fox giving scientific lecture share identical nervous system one knows scientific fact barbara giving public warning equipment put surfing net kate warning viewers send gas internet makes young children sexual including one victim shy innocent child sexuality sixty year old colonel morris also shows police officer child protection squad serious photos wanting know obscene photos included surrounded marital aids photo featuring young boys head dog body penis could john holmes hey never said show br br impossible mention without fall surrounded politicians policemen rushed show making fun serious subject show poor taste despite laughing way biting satire perhaps critics take long hard look mirror liberal elite allows convicted walk around streets britain mere tv show tensions,1
<START> this is the funniest movie i have ever seen however i have laughed harder at plenty of movies this is because best in show's brilliance lies not in slapstick or one liners but in sophisticated and layered verbal wit the improvised dialogue is is so quick that you end up laughing not at each individual joke but only until after several jokes build on one another each <UNK> your senses until the jokes climax and you can't help letting loose br br it's a well shot film but what makes it extraordinary is the acting i was impressed on my first viewing but when i watched it after having learned that virtually every scene is improvised i was amazed it was thoroughly enjoyable to see the comedians work off each other build jokes out of nothing and completely <UNK> themselves in their characters br br i imagine the golden days of second city were like this,this is the funniest movie i have ever seen however i have laughed harder at plenty of movies this is because best in show's brilliance lies not in slapstick or one liners but in sophisticated and layered verbal wit the improvised dialogue is is so quick that you end up laughing not at each individual joke but only until after several jokes build on one another each your senses until the jokes climax and you can't help letting loose br br it's a well shot film but what makes it extraordinary is the acting i was impressed on my first viewing but when i watched it after having learned that virtually every scene is improvised i was amazed it was thoroughly enjoyable to see the comedians work off each other build jokes out of nothing and completely themselves in their characters br br i imagine the golden days of second city were like this,funniest movie ever seen however laughed harder plenty movies best show's brilliance lies slapstick one liners sophisticated layered verbal wit improvised dialogue quick end laughing individual joke several jokes build one another senses jokes climax can't help letting loose br br well shot film makes extraordinary acting impressed first viewing watched learned virtually every scene improvised amazed thoroughly enjoyable see comedians work build jokes nothing completely characters br br imagine golden days second city like,1
<START> <UNK> vocal performance was outstanding <UNK> played the female singer role while richard was in the club when she first step out on stage and started to riff and <UNK> her stuff it made my soul shake her voice is <UNK> she needs to make a cd she has more fans then she realizes i loved her show stopping performance in the five heart beats which she also starred with leon when she was younger how can a little girl have a voice so big she is truly amazing good voice good good good good voice voice voice voice excellent voice fantastic voice back shaking tear crying uplifting take you back in the days voice <UNK> if you read this commit please take my advice and start recording a cd if not just for the love of singing but for your fans i believe you can truly make it look at these other one hit single studio singers lol,vocal performance was outstanding played the female singer role while richard was in the club when she first step out on stage and started to riff and her stuff it made my soul shake her voice is she needs to make a cd she has more fans then she realizes i loved her show stopping performance in the five heart beats which she also starred with leon when she was younger how can a little girl have a voice so big she is truly amazing good voice good good good good voice voice voice voice excellent voice fantastic voice back shaking tear crying uplifting take you back in the days voice if you read this commit please take my advice and recording a cd if not just for the love of singing but for your fans i believe you can truly make it look at these other one hit single studio singers lol,vocal performance outstanding played female singer role richard club first step stage started riff stuff made soul shake voice needs make cd fans realizes loved show stopping performance five heart beats also starred leon younger little girl voice big truly amazing good voice good good good good voice voice voice voice excellent voice fantastic voice back shaking tear crying uplifting take back days voice read commit please take advice recording cd love singing fans believe truly make look one hit single studio singers lol,1
<START> gandhi my father is like viewing a book chapter by chapter you read it with your eyes and you learn more about harilal gandhi and for that matter <UNK> gandhi so little is known about both of them and this movie describes them uniquely the title <UNK> though its as much a movie about <UNK> <UNK> gandhi and his son as its about harilal and his mother and <UNK> <UNK> and <UNK> <UNK> do full justice to their respective roles br br such movies are like leap years they come after only so much time br br gandhi my father is also about an internal struggle which is sometimes more difficult than any freedom struggle ever <UNK> br br watch it if you like quality cinema,gandhi my father is like viewing a book chapter by chapter you read it with your eyes and you learn more about harilal gandhi and for that matter gandhi so little is known about both of them and this movie describes them uniquely the title though its as much a movie about gandhi and his son as its about harilal and his mother and and do full justice to their respective roles br br such movies are like leap years they come after only so much time br br gandhi my father is also about an internal struggle which is sometimes more difficult than any freedom struggle ever br br watch it if you like quality cinema,gandhi father like viewing book chapter chapter read eyes learn harilal gandhi matter gandhi little known movie describes uniquely title though much movie gandhi son harilal mother full justice respective roles br br movies like leap years come much time br br gandhi father also internal struggle sometimes difficult freedom struggle ever br br watch like quality cinema,1
<START> br br as usual i was really looking forward to a new tv film on a favourite subject of mine makes a nice change from a strangely familiar documentary about <UNK> or <UNK> on the history channel br br i <UNK> looked forward to pearl <UNK> and enemy at the gates but was <UNK> brought down to earth with the <UNK> of the <UNK> stupid <UNK> power of hollywood and its ability to spend an absolute fortune on tripe br br so yet again i got excited about 'the rise of <UNK> especially as i heard that ian <UNK> was involved as i've enjoyed his books i can see why he quit br br to quote some guy responsible for this rubbish br br the <UNK> book was an academic piece he said it was br br quite dry we needed more incidents br br incidents are they totally nuts hitler's life cannot be said to be without <UNK> yes <UNK> two volume hitler <UNK> were long and detailed but they were supposed to be br br the <UNK> behind <UNK> of <UNK> seems to be br br hitler was a very bad man no he was a very bad man who hated jews and just in case you miss this we're going to <UNK> the fact in every scene in the film br br there was no effort whatsoever to try and explain the mood of the time and why hitler may have adopted the views and <UNK> he did needless to say unlike the generally excellent <UNK> a warning from <UNK> this film neglected to point out the fact that nearly all of the leaders of the <UNK> communist rising were jewish and that this may have <UNK> his views on the subject and his <UNK> <UNK> of the jews with <UNK> an absolutely crucial aspect to understanding much of the nazi era br br but there was not much understanding to be done the film makers weren't going to go there so we just got all the stuff we knew about anyway we certainly don't get the fascinating fact that <UNK> <UNK> to which has hitler briefly being a <UNK> communist immediately after <UNK> that would of course be far too complex for the film to handle and might even detract from the relentless <UNK> was very <UNK> <UNK> which <UNK> away <UNK> br br we know he was a bad man however we also know that he was a <UNK> figure both as a public <UNK> and in more private situations he could be polite and even sympathetic and of course <UNK> some views like <UNK> anti alcohol and anti smoking that many guardian readers could agree with he was also <UNK> fond of animals hence why that wholly invented dog <UNK> scene was so absurd br br he was also from all the accounts i've seen a brave soldier in <UNK> whilst we saw him with his iron cross we never get to see how he won it acts of bravery were not in the script needless to say we also get no insight whatsoever into why he was so fired up by his war experiences whilst <UNK> owen <UNK> <UNK> and so many others found it so <UNK> an experience and again like the point above re the jewish <UNK> link this is vital to anyone's understanding about the subject why did he love war so much why did he think it was always a good idea despite massive evidence to the contrary why didn't he care about his colleagues who died or maybe he did but still drew the wrong conclusions br br this film certainly didn't have anything of any interest to say on this either br br as all too often these days the film is a classic example of <UNK> history relevant to the <UNK> and <UNK> stuff or leaving awkward facts out to fit in with 'the <UNK> which all too often is to <UNK> to the lowest common <UNK> where you don't trust your audience an inch so you just ram stuff down their throats knowing sadly correctly that you'll always get away with it because there are so many dumb fools in the world br br history is really about making us relevant to the past and seeing how it colours our present for better and for worse this rubbish was a great opportunity lost again they spent millions on it and the locations and large scenes were impressive but told us nothing at all we didn't know already and promoted no understanding of this dark period in human history br br <UNK>,br br as usual i was really looking forward to a new tv film on a favourite subject of mine makes a nice change from a strangely familiar documentary about or on the history channel br br i looked forward to pearl and enemy at the gates but was brought down to earth with the of the stupid power of hollywood and its ability to spend an absolute fortune on tripe br br so yet again i got excited about 'the rise of especially as i heard that ian was involved as i've enjoyed his books i can see why he quit br br to quote some guy responsible for this rubbish br br the book was an academic piece he said it was br br quite dry we needed more incidents br br incidents are they totally nuts hitler's life cannot be said to be without yes two volume hitler were long and detailed but they were supposed to be br br the behind of seems to be br br hitler was a very bad man no he was a very bad man who hated jews and just in case you miss this we're going to the fact in every scene in the film br br there was no effort whatsoever to try and explain the mood of the time and why hitler may have adopted the views and he did needless to say unlike the generally excellent a warning from this film neglected to point out the fact that nearly all of the leaders of the communist rising were jewish and that this may have his views on the subject and his of the jews with an absolutely crucial aspect to understanding much of the nazi era br br but there was not much understanding to be done the film makers weren't going to go there so we just got all the stuff we knew about anyway we certainly don't get the fascinating fact that to which has hitler briefly being a communist immediately after that would of course be far too complex for the film to handle and might even detract from the relentless was very which away br br we know he was a bad man however we also know that he was a figure both as a public and in more private situations he could be polite and even sympathetic and of course some views like anti alcohol and anti smoking that many guardian readers could agree with he was also fond of animals hence why that wholly invented dog scene was so absurd br br he was also from all the accounts i've seen a brave soldier in whilst we saw him with his iron cross we never get to see how he won it acts of bravery were not in the script needless to say we also get no insight whatsoever into why he was so fired up by his war experiences whilst owen and so many others found it so an experience and again like the point above re the jewish link this is vital to anyone's understanding about the subject why did he love war so much why did he think it was always a good idea despite massive evidence to the contrary why didn't he care about his colleagues who died or maybe he did but still drew the wrong conclusions br br this film certainly didn't have anything of any interest to say on this either br br as all too often these days the film is a classic example of history relevant to the and stuff or leaving awkward facts out to fit in with 'the which all too often is to to the lowest common where you don't trust your audience an inch so you just ram stuff down their throats knowing sadly correctly that you'll always get away with it because there are so many dumb fools in the world br br history is really about making us relevant to the past and seeing how it colours our present for better and for worse this rubbish was a great opportunity lost again they spent millions on it and the locations and large scenes were impressive but told us nothing at all we didn't know already and promoted no understanding of this dark period in human history br br,br br usual really looking forward new tv film favourite subject mine makes nice change strangely familiar documentary history channel br br looked forward pearl enemy gates brought earth stupid power hollywood ability spend absolute fortune tripe br br yet got excited 'the rise especially heard ian involved enjoyed books see quit br br quote guy responsible rubbish br br book academic piece said br br quite dry needed incidents br br incidents totally nuts hitler's life cannot said without yes two volume hitler long detailed supposed br br behind seems br br hitler bad man bad man hated jews case miss going fact every scene film br br effort whatsoever try explain mood time hitler may adopted views needless say unlike generally excellent warning film neglected point fact nearly leaders communist rising jewish may views subject jews absolutely crucial aspect understanding much nazi era br br much understanding done film makers going go got stuff knew anyway certainly get fascinating fact hitler briefly communist immediately would course far complex film handle might even detract relentless away br br know bad man however also know figure public private situations could polite even sympathetic course views like anti alcohol anti smoking many guardian readers could agree also fond animals hence wholly invented dog scene absurd br br also accounts seen brave soldier whilst saw iron cross never get see acts bravery script needless say also get insight whatsoever fired war experiences whilst owen many others found experience like point jewish link vital anyone's understanding subject love war much think always good idea despite massive evidence contrary care colleagues died maybe still drew wrong conclusions br br film certainly anything interest say either br br often days film classic example history relevant stuff leaving awkward facts fit 'the often lowest common trust audience inch ram stuff throats knowing sadly correctly always get away many dumb fools world br br history really making us relevant past seeing colours present better worse rubbish great opportunity lost spent millions locations large scenes impressive told us nothing know already promoted understanding dark period human history br br,0
<START> after watching this i had lost a little respect for christopher lee this has passed over time this film was utter garbage first they tried to recreate the ending from the first howling with incredibly bad make up then they try to turn it into a sad excuse of a werewolf porn film the plot sucks and the whole film is just awful a brother of a werewolf victim from the first film from the look of it it was supposed to be dee wallace stone teams up with lee and another woman to destroy the group of werewolves lead by <UNK> <UNK> who seems to be naked all the time br br this is not even worth renting unless you want to waste your time and money watching the nudity try to catch it on cable instead it would be so chopped up it may actually make sense,after watching this i had lost a little respect for christopher lee this has passed over time this film was utter garbage first they tried to recreate the ending from the first howling with incredibly bad make up then they try to turn it into a sad excuse of a werewolf porn film the plot sucks and the whole film is just awful a brother of a werewolf victim from the first film from the look of it it was supposed to be dee wallace stone teams up with lee and another woman to destroy the group of werewolves lead by who seems to be naked all the time br br this is not even worth renting unless you want to waste your time and money watching the nudity try to catch it on cable instead it would be so chopped up it may actually make sense,watching lost little respect christopher lee passed time film utter garbage first tried recreate ending first howling incredibly bad make try turn sad excuse werewolf porn film plot sucks whole film awful brother werewolf victim first film look supposed dee wallace stone teams lee another woman destroy group werewolves lead seems naked time br br even worth renting unless want waste time money watching nudity try catch cable instead would chopped may actually make sense,0
<START> stars hayden br br there have been so many movies that have this exact same plot and this one is just a poor <UNK> of it white girl moves to ethnic school doesn't fit in soon becomes accepted originality is nonexistent in this and neither are the laughs it uses so many old poorly executed jokes it's annoying i don't know why they think it's a good idea to make made for video sequels to mediocre films but it isn't with that said the <UNK> in this are that all the people in it are fairly competent actors and actresses br br my rating out of pg 13 for language and sexual humor,stars hayden br br there have been so many movies that have this exact same plot and this one is just a poor of it white girl moves to ethnic school doesn't fit in soon becomes accepted originality is nonexistent in this and neither are the laughs it uses so many old poorly executed jokes it's annoying i don't know why they think it's a good idea to make made for video sequels to mediocre films but it isn't with that said the in this are that all the people in it are fairly competent actors and actresses br br my rating out of pg for language and sexual humor,stars hayden br br many movies exact plot one poor white girl moves ethnic school fit soon becomes accepted originality nonexistent neither laughs uses many old poorly executed jokes annoying know think good idea make made video sequels mediocre films said people fairly competent actors actresses br br rating pg language sexual humor,0
<START> this is one great sweeping movie you will remember for a long time it is about history america the change of times teddy <UNK> <UNK> a kidnapped american and her children and the leader of the with the blood of the prophet in his <UNK> br br this movie is based on a true story like jesse james was a <UNK> an american was kidnapped in <UNK> and the marines went part way to the <UNK> of to rescue him so much for that you know hollywood sean connery is the <UNK> <UNK> and muslim leader <UNK> <UNK> is the guy who was kidnapped along with her two kids the son is rex <UNK> <UNK> simon no less john huston is secretary of state with a great john huston style straight line at a state dinner watch out for it brian <UNK> is teddy <UNK> all american all male a character that is an interesting commentary as modern as today br br the <UNK> and beauty of the desert and <UNK> are shown beautifully in the cinematography in this film which will stay with you a haunting and compelling memory the score is as sweeping and exotic as the images br br this is a story about two cultures both with grand ideas and historic <UNK> struggling for the future without an idea at all about one another in any event the struggle comes down to might versus <UNK> br br then at the last there is the little boy remember the little boy what do you think he thinks,this is one great sweeping movie you will remember for a long time it is about history america the change of times teddy a kidnapped american and her children and the leader of the with the blood of the prophet in his br br this movie is based on a true story like jesse james was a an american was kidnapped in and the marines went part way to the of to rescue him so much for that you know hollywood sean connery is the and muslim leader is the guy who was kidnapped along with her two kids the son is rex simon no less john huston is secretary of state with a great john huston style straight line at a state dinner watch out for it brian is teddy all american all male a character that is an interesting commentary as modern as today br br the and beauty of the desert and are shown beautifully in the cinematography in this film which will stay with you a haunting and compelling memory the score is as sweeping and exotic as the images br br this is a story about two cultures both with grand ideas and historic struggling for the future without an idea at all about one another in any event the struggle comes down to might versus br br then at the last there is the little boy remember the little boy what do you think he thinks,one great sweeping movie remember long time history america change times teddy kidnapped american children leader blood prophet br br movie based true story like jesse james american kidnapped marines went part way rescue much know hollywood sean connery muslim leader guy kidnapped along two kids son rex simon less john huston secretary state great john huston style straight line state dinner watch brian teddy american male character interesting commentary modern today br br beauty desert shown beautifully cinematography film stay haunting compelling memory score sweeping exotic images br br story two cultures grand ideas historic struggling future without idea one another event struggle comes might versus br br last little boy remember little boy think thinks,1
<START> dirty war is absolutely one of the best political government and well written t v <UNK> in the 25 years br br the acting is superb the writing is spectacular br br <UNK> war reveals the true side of why we are not ready to respond to a nuclear <UNK> and terrorist attack here on american <UNK> br br dirty war should be made into a major motion picture it's that good i highly recommend this great drama to everyone who desire to know the truth br br this t v drama reveals how british intelligence <UNK> <UNK> attempt to expose a terrorist plot and conspiracy to destroy innocent victims because of <UNK> involvement in the iraq war br br the scenes of different parts of london england are also spectacular br br dirty war is a must see,dirty war is absolutely one of the best political government and well written t v in the years br br the acting is superb the writing is spectacular br br war reveals the true side of why we are not ready to respond to a nuclear and terrorist attack here on american br br dirty war should be made into a major motion picture it's that good i highly recommend this great drama to everyone who desire to know the truth br br this t v drama reveals how british intelligence attempt to expose a terrorist plot and conspiracy to destroy innocent victims because of involvement in the iraq war br br the scenes of different parts of london england are also spectacular br br dirty war is a must see,dirty war absolutely one best political government well written v years br br acting superb writing spectacular br br war reveals true side ready respond nuclear terrorist attack american br br dirty war made major motion picture good highly recommend great drama everyone desire know truth br br v drama reveals british intelligence attempt expose terrorist plot conspiracy destroy innocent victims involvement iraq war br br scenes different parts london england also spectacular br br dirty war must see,1
<START> i think the film makes a reference to <UNK> of <UNK> as the whole atmosphere gives me a feeling of red it seems to be that a lot of the backgrounds contain red think of the tea room f e i also think this is one of the greatest movies of the last years,i think the film makes a reference to of as the whole atmosphere gives me a feeling of red it seems to be that a lot of the backgrounds contain red think of the tea room f e i also think this is one of the greatest movies of the last years,think film makes reference whole atmosphere gives feeling red seems lot backgrounds contain red think tea room f e also think one greatest movies last years,1
<START> in contrast to my fellow reviewers i always try to find something redeeming in any film i see yes the quality of the dubbing and lighting is abysmal the acting is wooden and the opening sequence highly misleading what with all those <UNK> female lesbian vampires with blood dripping something must be lost in the translation of the word <UNK> from the italian in the title almost as if the producers were originally going to film a gothic vampire tale and then changed their minds but could not afford to give up their dramatic opening sequence so tacked it onto the film anyway br br this film made in 1975 has recently been <UNK> on dvd and comes with its own theatrical trailer which in some respects is more daring than seen in the film now anyone who buys this film has probably already read its synopsis anyway and knows what to expect italian <UNK> from the mid 1970s i bought it because i am attracted to <UNK> <UNK> credited most often as <UNK> <UNK> the absence of a cast of characters i find most frustrating in a lot of these <UNK> films from the 60s 70s i had hoped imdb would show the cast of characters as one hears their names in the film but without a cast list it is very difficult to link them to the actor concerned i think <UNK> <UNK> played <UNK> but underneath that massive hair style costume and make up it is difficult to <UNK> her for sure br br there is mostly a two dimensional portrayal by the actors of their parts and no one really stands out maybe something is lost in the dubbing process what were the positive points well the music was atmospheric and of course if you're into beautiful lesbian soft porn its there the <UNK> locations used were good and i would like to know where they filmed the castle on its island it <UNK> to be set in ireland north or the republic in <UNK> so everyone sports period piece costumes some of the scenes i found unintentionally funny especially those sex scenes anyway an enjoyable romp i rated it 4 10,in contrast to my fellow reviewers i always try to find something redeeming in any film i see yes the quality of the dubbing and lighting is abysmal the acting is wooden and the opening sequence highly misleading what with all those female lesbian vampires with blood dripping something must be lost in the translation of the word from the italian in the title almost as if the producers were originally going to film a gothic vampire tale and then changed their minds but could not afford to give up their dramatic opening sequence so tacked it onto the film anyway br br this film made in has recently been on dvd and comes with its own theatrical trailer which in some respects is more daring than seen in the film now anyone who buys this film has probably already read its synopsis anyway and knows what to expect italian from the mid s i bought it because i am attracted to credited most often as the absence of a cast of characters i find most frustrating in a lot of these films from the s s i had hoped imdb would show the cast of characters as one hears their names in the film but without a cast list it is very difficult to link them to the actor concerned i think played but underneath that massive hair style costume and make up it is difficult to her for sure br br there is mostly a two dimensional portrayal by the actors of their parts and no one really stands out maybe something is lost in the dubbing process what were the positive points well the music was atmospheric and of course if you're into beautiful lesbian soft porn its there the locations used were good and i would like to know where they filmed the castle on its island it to be set in ireland north or the republic in so everyone sports period piece costumes some of the scenes i found unintentionally funny especially those sex scenes anyway an enjoyable romp i rated it,contrast fellow reviewers always try find something redeeming film see yes quality dubbing lighting abysmal acting wooden opening sequence highly misleading female lesbian vampires blood dripping something must lost translation word italian title almost producers originally going film gothic vampire tale changed minds could afford give dramatic opening sequence tacked onto film anyway br br film made recently dvd comes theatrical trailer respects daring seen film anyone buys film probably already read synopsis anyway knows expect italian mid bought attracted credited often absence cast characters find frustrating lot films hoped imdb would show cast characters one hears names film without cast list difficult link actor concerned think played underneath massive hair style costume make difficult sure br br mostly two dimensional portrayal actors parts one really stands maybe something lost dubbing process positive points well music atmospheric course beautiful lesbian soft porn locations used good would like know filmed castle island set ireland north republic everyone sports period piece costumes scenes found unintentionally funny especially sex scenes anyway enjoyable romp rated,0
<START> mighty like a <UNK> is one of many short films director leo <UNK> did starring <UNK> chase what a dandy it is charlie and his wife both <UNK> plastic surgery to improve their hideous appearances <UNK> <UNK> to each other they then meet at a party and become smitten with each other now they can't allow each other to find out they're cheating that's the preposterous premise of this frantic farce <UNK> <UNK> one of the few comic short leads to have a <UNK> career long after the <UNK> is perfect as long of nose wife <UNK> has an awful case of buck teeth which are quickly <UNK> at the <UNK> after a party is <UNK> by police for no other reason then to practice <UNK> <UNK> and his wife <UNK> try avoiding each other at home for fear the <UNK> in appearances become known both have been photographed with their new features at the party the hilarity back home <UNK> in <UNK> trying to teach the no good nick cheating with his wife a lesson the no good nick of course is the new <UNK> which his wife comes to realize long before <UNK> teaches a lesson in <UNK> this is one of <UNK> <UNK> better efforts of 4 stars,mighty like a is one of many short films director leo did starring chase what a dandy it is charlie and his wife both plastic surgery to improve their hideous appearances to each other they then meet at a party and become smitten with each other now they can't allow each other to find out they're cheating that's the preposterous premise of this frantic farce one of the few comic short leads to have a career long after the is perfect as long of nose wife has an awful case of buck teeth which are quickly at the after a party is by police for no other reason then to practice and his wife try avoiding each other at home for fear the in appearances become known both have been photographed with their new features at the party the hilarity back home in trying to teach the no good nick cheating with his wife a lesson the no good nick of course is the new which his wife comes to realize long before teaches a lesson in this is one of better efforts of stars,mighty like one many short films director leo starring chase dandy charlie wife plastic surgery improve hideous appearances meet party become smitten can't allow find cheating that's preposterous premise frantic farce one comic short leads career long perfect long nose wife awful case buck teeth quickly party police reason practice wife try avoiding home fear appearances become known photographed new features party hilarity back home trying teach good nick cheating wife lesson good nick course new wife comes realize long teaches lesson one better efforts stars,1
<START> <UNK> of white and various <UNK> a beautiful nude random images that is what this little experimental short film is br br it's kind of interesting to think how in the early days of film such images could be transferred onto film but despite my love of a lot of surreal images and films and a fascination with the bizarre this film just didn't do it for me br br i'm not sorry i watched it but if there is any underlying meaning in it i don't get it visually it is not that outstanding in my humble opinion as an example of i suppose it would fit in quite well since it seems to reject any semblance of logic or reason though i would have preferred that it do it in a more visually interesting way br br but to each his own,of white and various a beautiful nude random images that is what this little experimental short film is br br it's kind of interesting to think how in the early days of film such images could be transferred onto film but despite my love of a lot of surreal images and films and a fascination with the bizarre this film just didn't do it for me br br i'm not sorry i watched it but if there is any underlying meaning in it i don't get it visually it is not that outstanding in my humble opinion as an example of i suppose it would fit in quite well since it seems to reject any semblance of logic or reason though i would have preferred that it do it in a more visually interesting way br br but to each his own,white various beautiful nude random images little experimental short film br br kind interesting think early days film images could transferred onto film despite love lot surreal images films fascination bizarre film br br sorry watched underlying meaning get visually outstanding humble opinion example suppose would fit quite well since seems reject semblance logic reason though would preferred visually interesting way br br,0
<START> chaplin is a in his final film of <UNK> a who can not seem to get the <UNK> down straight he spends time over there in world war one <UNK> several gags stand out <UNK> cheese as a <UNK> <UNK> for one the <UNK> quarters of the <UNK> in the <UNK> and when chaplin and his mates are washed out of their <UNK> by <UNK> are highlights chaplin ends up capturing several german soldiers single handed and he the german commander for <UNK> a cigarette when asked how he did it chaplin replies that he surrounded them chaplin hides behind enemy lines as a tree of all things and those scenes are very very funny he escapes to a bombed house where he meets up with a french girl played by <UNK> he's <UNK> down by german soldiers escapes from them again and is arrested for <UNK> him chaplin is able to pull a fast one by <UNK> a soldier and using the <UNK> uniform he ends up saving of course and capturing the <UNK> in the process along the way chaplin employs some sight gags and slapstick in turning back the german soldiers with this film chaplin explored the location possibilities in filming while maintaining the audience's attention for closer to feature length time something his contract with the mutual film corporation him the film also allowed him to poke fun at the enemy something he would again do to greater effect in the great dictator of 4 stars,chaplin is a in his final film of a who can not seem to get the down straight he spends time over there in world war one several gags stand out cheese as a for one the quarters of the in the and when chaplin and his mates are washed out of their by are highlights chaplin ends up capturing several german soldiers single handed and he the german commander for a cigarette when asked how he did it chaplin replies that he surrounded them chaplin hides behind enemy lines as a tree of all things and those scenes are very very funny he escapes to a bombed house where he meets up with a french girl played by he's down by german soldiers escapes from them again and is arrested for him chaplin is able to pull a fast one by a soldier and using the uniform he ends up saving of course and capturing the in the process along the way chaplin employs some sight gags and slapstick in turning back the german soldiers with this film chaplin explored the location possibilities in filming while maintaining the audience's attention for closer to feature length time something his contract with the mutual film corporation him the film also allowed him to poke fun at the enemy something he would again do to greater effect in the great dictator of stars,chaplin final film seem get straight spends time world war one several gags stand cheese one quarters chaplin mates washed highlights chaplin ends capturing several german soldiers single handed german commander cigarette asked chaplin replies surrounded chaplin hides behind enemy lines tree things scenes funny escapes bombed house meets french girl played german soldiers escapes arrested chaplin able pull fast one soldier using uniform ends saving course capturing process along way chaplin employs sight gags slapstick turning back german soldiers film chaplin explored location possibilities filming maintaining audience's attention closer feature length time something contract mutual film corporation film also allowed poke fun enemy something would greater effect great dictator stars,1
<START> the thumb idea isn't such a winner the second time round <UNK> wasn't as good as thumb wars for a number of reasons primarily i think mr <UNK> had far less to work with in the titanic send up unlike star wars the movie titanic hasn't yet become a cultural myth and there are far fewer references to be made which will <UNK> with the audience br br in <UNK> the holes are filled by one off jokes which don't really seem related to anything for example the hero's <UNK> that the heroine isn't clean during the jump off end of ship scene it's not funny rather you just think to yourself did i miss something in the original movie there were too many of these type of <UNK> jokes <UNK> <UNK> br br by contrast the send up of the smarmy <UNK> designer had meaning and was funny also very funny was the send up of the bloke in the movie who wanted to go faster as a maniac running around demanding everything be faster including the sinking of the ship and himself being the first to die these sort of jokes meant something in the titanic context and <UNK> meaningful humour to <UNK> br br the thumb media the faces and the voices are still amusing the props and sets and the cg animation are worthy of appreciation overall although <UNK> proves that <UNK> alone won't work this <UNK> still keeps you amused and <UNK> to the end,the thumb idea isn't such a winner the second time round wasn't as good as thumb wars for a number of reasons primarily i think mr had far less to work with in the titanic send up unlike star wars the movie titanic hasn't yet become a cultural myth and there are far fewer references to be made which will with the audience br br in the holes are filled by one off jokes which don't really seem related to anything for example the hero's that the heroine isn't clean during the jump off end of ship scene it's not funny rather you just think to yourself did i miss something in the original movie there were too many of these type of jokes br br by contrast the send up of the smarmy designer had meaning and was funny also very funny was the send up of the bloke in the movie who wanted to go faster as a maniac running around demanding everything be faster including the sinking of the ship and himself being the first to die these sort of jokes meant something in the titanic context and meaningful humour to br br the thumb media the faces and the voices are still amusing the props and sets and the cg animation are worthy of appreciation overall although proves that alone won't work this still keeps you amused and to the end,thumb idea winner second time round good thumb wars number reasons primarily think mr far less work titanic send unlike star wars movie titanic yet become cultural myth far fewer references made audience br br holes filled one jokes really seem related anything example hero's heroine clean jump end ship scene funny rather think miss something original movie many type jokes br br contrast send smarmy designer meaning funny also funny send bloke movie wanted go faster maniac running around demanding everything faster including sinking ship first die sort jokes meant something titanic context meaningful humour br br thumb media faces voices still amusing props sets cg animation worthy appreciation overall although proves alone work still keeps amused end,0
<START> although others have commented that this video is just an edited version of the two shows fire in space and living legend if you watch the original shows you'll find that dialogue from this video edition was edited out i found this video version much better because scenes and lines were added to it i would say if you want to see the show in its original version see the video versions on vhs they have more to offer the fan than the original episodes being offered on dvd now another good video is conquest for the earth which had more scenes from galactica 1980 than did the actual <UNK> themselves overall i rate this as a 10 because it gives you more to enjoy than what the networks wanted to show in the time <UNK> they gave the producers,although others have commented that this video is just an edited version of the two shows fire in space and living legend if you watch the original shows you'll find that dialogue from this video edition was edited out i found this video version much better because scenes and lines were added to it i would say if you want to see the show in its original version see the video versions on vhs they have more to offer the fan than the original episodes being offered on dvd now another good video is conquest for the earth which had more scenes from galactica than did the actual themselves overall i rate this as a because it gives you more to enjoy than what the networks wanted to show in the time they gave the producers,although others commented video edited version two shows fire space living legend watch original shows find dialogue video edition edited found video version much better scenes lines added would say want see show original version see video versions vhs offer fan original episodes offered dvd another good video conquest earth scenes galactica actual overall rate gives enjoy networks wanted show time gave producers,1
<START> the priest into profound love and suffering showed not the result of love but the process of love and salvation has high beauty of human or vampire http <UNK> co <UNK> diary br br and the love of femme fatale is not notorious but lovely in taking the responsible death as a vampire she did not keep falling deep into the paradise lost but decided to leave human alone fragile but lovely femme fatale this movie made me think about suffering between human and vampire that far beyond priest and salvation also i thought about love adam was not so responsible for <UNK> but this adam priest <UNK> and responsible to pick eve up from the paradise lost <UNK> world another <UNK> poem of adam eve paradise lost,the priest into profound love and suffering showed not the result of love but the process of love and salvation has high beauty of human or vampire http co diary br br and the love of femme fatale is not notorious but lovely in taking the responsible death as a vampire she did not keep falling deep into the paradise lost but decided to leave human alone fragile but lovely femme fatale this movie made me think about suffering between human and vampire that far beyond priest and salvation also i thought about love adam was not so responsible for but this adam priest and responsible to pick eve up from the paradise lost world another poem of adam eve paradise lost,priest profound love suffering showed result love process love salvation high beauty human vampire http co diary br br love femme fatale notorious lovely taking responsible death vampire keep falling deep paradise lost decided leave human alone fragile lovely femme fatale movie made think suffering human vampire far beyond priest salvation also thought love adam responsible adam priest responsible pick eve paradise lost world another poem adam eve paradise lost,1
<START> i'm a big fan of films where people get <UNK> and house of games is almost the <UNK> of the <UNK> where people get <UNK> genre in short it's an exceptional thriller that keeps you on the edge of your seat by providing interesting characters with many levels and never truly revealing what's happening while throwing in many twists and surprises to upset completely what you've just seen the film cons the audience on many occasions and despite us knowing this it's still difficult to guess where it's going and every twist comes off as a surprise as mentioned i'm a big fan of cons in movies and the plot of this one follows a female psychiatrist who receives a patient with a huge debt <UNK> to a fellow <UNK> she then goes to the <UNK> in an attempt to help out her patient and on the way gets drawn into the art of reading people in order to pull off a con br br house of games <UNK> a sleazy atmosphere throughout and david mamet does well in establishing his film's setting in the underground levels of the city the film is well acted also with all concerned bringing life and believability to their characters with the greatest of skill joe <UNK> stars as the con man at the heart of the film and although his performance is a little under <UNK> he's always solid and believable as the villain of the piece lindsay <UNK> stars alongside him as the psychiatrist <UNK> by his work and again is believable in her role she may not be the greatest <UNK> but at least she can act the way that the film <UNK> it's plot is the main star of the show however and you will no doubt be amazed on multiple occasions as to how the film constantly manages to <UNK> and <UNK> the viewer at times it's almost like we are in the thick of the action and being <UNK> by the con men in the film another thing that's great about this film is the way that it shows the audience how to pull off certain cons which is useful if you're interested in making twenty bucks say all in all house of games is a truly first rate thrill ride,i'm a big fan of films where people get and house of games is almost the of the where people get genre in short it's an exceptional thriller that keeps you on the edge of your seat by providing interesting characters with many levels and never truly revealing what's happening while throwing in many twists and surprises to upset completely what you've just seen the film cons the audience on many occasions and despite us knowing this it's still difficult to guess where it's going and every twist comes off as a surprise as mentioned i'm a big fan of cons in movies and the plot of this one follows a female psychiatrist who receives a patient with a huge debt to a fellow she then goes to the in an attempt to help out her patient and on the way gets drawn into the art of reading people in order to pull off a con br br house of games a sleazy atmosphere throughout and david mamet does well in establishing his film's setting in the underground levels of the city the film is well acted also with all concerned bringing life and believability to their characters with the greatest of skill joe stars as the con man at the heart of the film and although his performance is a little under he's always solid and believable as the villain of the piece lindsay stars alongside him as the psychiatrist by his work and again is believable in her role she may not be the greatest but at least she can act the way that the film it's plot is the main star of the show however and you will no doubt be amazed on multiple occasions as to how the film constantly manages to and the viewer at times it's almost like we are in the thick of the action and being by the con men in the film another thing that's great about this film is the way that it shows the audience how to pull off certain cons which is useful if you're interested in making twenty bucks say all in all house of games is a truly first rate thrill ride,big fan films people get house games almost people get genre short exceptional thriller keeps edge seat providing interesting characters many levels never truly revealing what's happening throwing many twists surprises upset completely seen film cons audience many occasions despite us knowing still difficult guess going every twist comes surprise mentioned big fan cons movies plot one follows female psychiatrist receives patient huge debt fellow goes attempt help patient way gets drawn art reading people order pull con br br house games sleazy atmosphere throughout david mamet well establishing film's setting underground levels city film well acted also concerned bringing life believability characters greatest skill joe stars con man heart film although performance little always solid believable villain piece lindsay stars alongside psychiatrist work believable role may greatest least act way film plot main star show however doubt amazed multiple occasions film constantly manages viewer times almost like thick action con men film another thing that's great film way shows audience pull certain cons useful interested making twenty bucks say house games truly first rate thrill ride,1
<START> i sometimes enjoy really lousy movies those that occasionally result when people even talented people get together with good intentions to produce a movie and for whatever reason it turns out to be a disaster movies like attack of the killer tomatoes plan 9 from outer space <UNK> hands of fate and heavens gate etc br br so when i heard that this movie <UNK> attic was considered by many people to be the single worst film of the decade naturally i just had to see it br br boy do i regret that decision this movie is beyond bad it is so bad that it is not even as enjoyable as the usual bad movie the acting filming script etc are even worse than a low budget porno film the sound is utterly horrible the plot is completely incomprehensible the acting is laughable it is a complete waste of everyone's time and money at least the porno film has porno to break up the <UNK> while this ridiculous nightmare has a guy <UNK> a rotten apple and a mad <UNK> tea party br br the lighting is non existent many scenes take place in semi or complete darkness which is probably just as well the writer director i use the terms loosely david <UNK> tries to get kinky with bondage scenes but the results would be laughable if they weren't so pathetic there is some nudity but it is of such abysmal quality that it actually acts as a sexual <UNK> i could go on forever and not do justice to all the flaws and shortcomings of this truly awful waste of film br br for the love of god avoid this train wreck i know that despite or perhaps because of my negative comments you may still be tempted to see if this piece of trash is really as bad as i claim it to be but trust me on this it's even worse than i have said and you will absolutely positively regret the experience and expense if you waste your money on a purchase or rental,i sometimes enjoy really lousy movies those that occasionally result when people even talented people get together with good intentions to produce a movie and for whatever reason it turns out to be a disaster movies like attack of the killer tomatoes plan from outer space hands of fate and heavens gate etc br br so when i heard that this movie attic was considered by many people to be the single worst film of the decade naturally i just had to see it br br boy do i regret that decision this movie is beyond bad it is so bad that it is not even as enjoyable as the usual bad movie the acting filming script etc are even worse than a low budget porno film the sound is utterly horrible the plot is completely incomprehensible the acting is laughable it is a complete waste of everyone's time and money at least the porno film has porno to break up the while this ridiculous nightmare has a guy a rotten apple and a mad tea party br br the lighting is non existent many scenes take place in semi or complete darkness which is probably just as well the writer director i use the terms loosely david tries to get kinky with bondage scenes but the results would be laughable if they weren't so pathetic there is some nudity but it is of such abysmal quality that it actually acts as a sexual i could go on forever and not do justice to all the flaws and shortcomings of this truly awful waste of film br br for the love of god avoid this train wreck i know that despite or perhaps because of my negative comments you may still be tempted to see if this piece of trash is really as bad as i claim it to be but trust me on this it's even worse than i have said and you will absolutely positively regret the experience and expense if you waste your money on a purchase or rental,sometimes enjoy really lousy movies occasionally result people even talented people get together good intentions produce movie whatever reason turns disaster movies like attack killer tomatoes plan outer space hands fate heavens gate etc br br heard movie attic considered many people single worst film decade naturally see br br boy regret decision movie beyond bad bad even enjoyable usual bad movie acting filming script etc even worse low budget porno film sound utterly horrible plot completely incomprehensible acting laughable complete waste everyone's time money least porno film porno break ridiculous nightmare guy rotten apple mad tea party br br lighting non existent many scenes take place semi complete darkness probably well writer director use terms loosely david tries get kinky bondage scenes results would laughable pathetic nudity abysmal quality actually acts sexual could go forever justice flaws shortcomings truly awful waste film br br love god avoid train wreck know despite perhaps negative comments may still tempted see piece trash really bad claim trust even worse said absolutely positively regret experience expense waste money purchase rental,0
<START> a very funny movie it was good to see jim carrey back in top form it was definitely worth the price of admission morgan freeman and jennifer aniston both played outstanding supporting roles in this film i think they may have played the dog a bit too much however still a good film to see,a very funny movie it was good to see jim carrey back in top form it was definitely worth the price of admission morgan freeman and jennifer aniston both played outstanding supporting roles in this film i think they may have played the dog a bit too much however still a good film to see,funny movie good see jim carrey back top form definitely worth price admission morgan freeman jennifer aniston played outstanding supporting roles film think may played dog bit much however still good film see,1
<START> <UNK> does it again with this hot off the streets follow up to <UNK> this entry is filled with the requisite <UNK> ray moore <UNK> humor and martial arts <UNK> <UNK> a crazy red neck sheriff in this movie that also features an infamous scene where <UNK> <UNK> down a <UNK> hill see it for laughs and for a brain <UNK> hit of <UNK> magic,does it again with this hot off the streets follow up to this entry is filled with the requisite ray moore humor and martial arts a crazy red neck sheriff in this movie that also features an infamous scene where down a hill see it for laughs and for a brain hit of magic,hot streets follow entry filled requisite ray moore humor martial arts crazy red neck sheriff movie also features infamous scene hill see laughs brain hit magic,1
<START> although too young to remember the first showing of the series being just a baby i later caught repeats of it on television in the late 80's just when i was getting interested in the war and all of its aspects it was my grandfather who first showed me the series and also gave me my first interests relating tales of his time in the royal navy at <UNK> and later in the pacific since then i have <UNK> many books and seen many television series about the world war two era with mixed opinions the british television stations are generally very good at producing these as the world at war can easily <UNK> with many gems made by both the bbc and independent companies i strongly recommend such titles as the nazis a warning from history <UNK> and the bbc series about <UNK> britain at war in colour with its companion series japan germany and america are of a very high standard the world at war is by far the best and despite its age never fails to deliver there will always be new revelations about the war that will keep <UNK> up that obviously aren't included in the series and of course world war two took place over such a large <UNK> that to produce a series with every detail would take more time and money then any other even if such an <UNK> was even possible what i feel i must say to those who <UNK> that it does not include everything is that the world at war can't physically do that as a series but it sure as heck can <UNK> you to do further research and make it enjoyable that certainly worked for me i now have a very <UNK> library of books videos dvds and tapes and <UNK> recommend to anyone with even a passing interest the series was so well made that they'd find it hard not to agree that it is quality programming and highly informative,although too young to remember the first showing of the series being just a baby i later caught repeats of it on television in the late 's just when i was getting interested in the war and all of its aspects it was my grandfather who first showed me the series and also gave me my first interests relating tales of his time in the royal navy at and later in the pacific since then i have many books and seen many television series about the world war two era with mixed opinions the british television stations are generally very good at producing these as the world at war can easily with many gems made by both the bbc and independent companies i strongly recommend such titles as the nazis a warning from history and the bbc series about britain at war in colour with its companion series japan germany and america are of a very high standard the world at war is by far the best and despite its age never fails to deliver there will always be new revelations about the war that will keep up that obviously aren't included in the series and of course world war two took place over such a large that to produce a series with every detail would take more time and money then any other even if such an was even possible what i feel i must say to those who that it does not include everything is that the world at war can't physically do that as a series but it sure as heck can you to do further research and make it enjoyable that certainly worked for me i now have a very library of books videos dvds and tapes and recommend to anyone with even a passing interest the series was so well made that they'd find it hard not to agree that it is quality programming and highly informative,although young remember first showing series baby later caught repeats television late 's getting interested war aspects grandfather first showed series also gave first interests relating tales time royal navy later pacific since many books seen many television series world war two era mixed opinions british television stations generally good producing world war easily many gems made bbc independent companies strongly recommend titles nazis warning history bbc series britain war colour companion series japan germany america high standard world war far best despite age never fails deliver always new revelations war keep obviously included series course world war two took place large produce series every detail would take time money even even possible feel must say include everything world war can't physically series sure heck research make enjoyable certainly worked library books videos dvds tapes recommend anyone even passing interest series well made find hard agree quality programming highly informative,1
<START> on assignment in <UNK> italy beautiful lip <UNK> <UNK> turner as meets older singer and prince as mr the two fall in love while enjoying the pretty italian countryside <UNK> mr is called away to his <UNK> father's death bed leaving <UNK> in the <UNK> twelve years later ms turner is a los angeles actress about to make a motion picture about falling in love with a king turner is being <UNK> by co star barry sullivan who wants to marry her then king re enters her br br mr provides a tired storyline for sex symbol turner and <UNK> bass <UNK> who appeared for several decades with the new york <UNK> opera likely earned his mgm feature film career after appearing in the hugely successful stage production of south pacific 1949 the cast album and golden some enchanted evening single sold millions supporting <UNK> main cedric <UNK> and debbie reynolds give the film a even greater sense of wasted resources br br mr 1951 don <UNK> <UNK> turner barry sullivan,on assignment in italy beautiful lip turner as meets older singer and prince as mr the two fall in love while enjoying the pretty italian countryside mr is called away to his father's death bed leaving in the twelve years later ms turner is a los angeles actress about to make a motion picture about falling in love with a king turner is being by co star barry sullivan who wants to marry her then king re enters her br br mr provides a tired storyline for sex symbol turner and bass who appeared for several decades with the new york opera likely earned his mgm feature film career after appearing in the hugely successful stage production of south pacific the cast album and golden some enchanted evening single sold millions supporting main cedric and debbie reynolds give the film a even greater sense of wasted resources br br mr don turner barry sullivan,assignment italy beautiful lip turner meets older singer prince mr two fall love enjoying pretty italian countryside mr called away father's death bed leaving twelve years later ms turner los angeles actress make motion picture falling love king turner co star barry sullivan wants marry king enters br br mr provides tired storyline sex symbol turner bass appeared several decades new york opera likely earned mgm feature film career appearing hugely successful stage production south pacific cast album golden enchanted evening single sold millions supporting main cedric debbie reynolds give film even greater sense wasted resources br br mr turner barry sullivan,0
<START> the <UNK> was by far a very pitiful film i do not use this word loosely as it honestly was a poor excuse for a movie i finished watching this feature with only one word on my mind  why honestly you could use this question at the end of every scene of this film and it would seem like it fit there were so many inconsistencies that lead to a lack of development both in the story and in the characters which ultimately lead to a very confusing film with actors walking through the motions instead of giving any explanation scenes would occur with no <UNK> understanding or drive to a complete ending it was as if i was watching several different ideas thrown together without really any resolution actors were setting events in motion that did not seem to fit their character or really were resolved this was my biggest issue with this film the complete and utter lack of structure to this film brought all <UNK> of foundation <UNK> down with a genuine <UNK> effect being felt throughout the rest of the film as a result br br let me explain myself further on this lack of <UNK> throughout the film i would <UNK> this film to a bowl of <UNK> <UNK> that had a <UNK> in it it made no sense nor was there any logic behind it all <UNK> driver was the worst <UNK> of this deed her character's lines were drawn very fuzzy and nearly transparent she would do things like talk about sex all the time with her sister but yet she seemed very open to sexual experiences all the time she has her first moment of passion in this film and there is no pain or excitement it <UNK> happens and this just didn't seem to fit the original conversation that we had at the beginning of the film with <UNK> and her sister she is a very intelligent woman that accidentally finds a solution to problem and suddenly wants full rights to his invention that was confusing and completely random is it not obvious to anyone else that her teaching methods were non existent anyone in their right mind could see that she wasn't teaching daughter anything the sudden and awkward relationship that randomly forms between driver and jonathan rhys meyers nearly had me laughing out loud i thought maybe i had discovered some magic in this film as rhys meyers literally <UNK> into the scene and suddenly caused some <UNK> drama it felt that the director or writer was thinking that the original story was going nowhere fast so by adding this random character we may be able to advance the plot a bit or confuse the lesser film <UNK> well it didn't fool me i saw that he was nearly a cut and <UNK> character used to <UNK> an already <UNK> story don't get me started on the ending which had no <UNK> to the rest of the story again using the cut and <UNK> method the writer of this film needed a way to just end the story and this was the only solution they could arrive to it is sad when actors are forced to do things out of character  but i guess that is the name of the game in hollywood fix until completely broken or at least <UNK> br br the remainder of the story was <UNK> <UNK> there were maybe a handful of neat cinematography moments where you could see that there was one <UNK> of creativity trying to peak through coupled with some bars of decent period piece music but nothing to write to grandma about more family structure with some stronger <UNK> could have <UNK> this film a bit more but as i stated before by leaving open ended scenes just lying around the entire film you will experience a crack in your foundation what may seem like a <UNK> story will eventually wear down over time and by the end of this film i felt that the house was <UNK> down on top of me <UNK> plays his normal self in this film while driver apparently did not want to get naked but everyone else had too i will have to see a doctor after those images were burned into my eyes  also she wore the same dress everyday that was disgusting and i could smell her through the television sex and dirty <UNK> now there is a great film for you there just seemed to be some potential floating around here but instead it was just rubbish nothing was answered questions seemed to fall like snow in <UNK> and mediocrity seemed to reign supreme br br overall this could have been a decent film that combined the powerful themes of science and love together but instead it was just pitiful i cannot stress enough the disturbing fact that characters were going through motions without any sort of pre explanation i don't need cinematic moments handed to me like a child but something should have been done to build a foundation just remember the <UNK> with a <UNK> <UNK> that i used if you were as confused about that as i was then you will completely understand the film the <UNK> while if you prefer <UNK> in your <UNK>  then maybe this film is for you br br grade out of,the was by far a very pitiful film i do not use this word loosely as it honestly was a poor excuse for a movie i finished watching this feature with only one word on my mind why honestly you could use this question at the end of every scene of this film and it would seem like it fit there were so many inconsistencies that lead to a lack of development both in the story and in the characters which ultimately lead to a very confusing film with actors walking through the motions instead of giving any explanation scenes would occur with no understanding or drive to a complete ending it was as if i was watching several different ideas thrown together without really any resolution actors were setting events in motion that did not seem to fit their character or really were resolved this was my biggest issue with this film the complete and utter lack of structure to this film brought all of foundation down with a genuine effect being felt throughout the rest of the film as a result br br let me explain myself further on this lack of throughout the film i would this film to a bowl of that had a in it it made no sense nor was there any logic behind it all driver was the worst of this deed her character's lines were drawn very fuzzy and nearly transparent she would do things like talk about sex all the time with her sister but yet she seemed very open to sexual experiences all the time she has her first moment of passion in this film and there is no pain or excitement it happens and this just didn't seem to fit the original conversation that we had at the beginning of the film with and her sister she is a very intelligent woman that accidentally finds a solution to problem and suddenly wants full rights to his invention that was confusing and completely random is it not obvious to anyone else that her teaching methods were non existent anyone in their right mind could see that she wasn't teaching daughter anything the sudden and awkward relationship that randomly forms between driver and jonathan rhys meyers nearly had me laughing out loud i thought maybe i had discovered some magic in this film as rhys meyers literally into the scene and suddenly caused some drama it felt that the director or writer was thinking that the original story was going nowhere fast so by adding this random character we may be able to advance the plot a bit or confuse the lesser film well it didn't fool me i saw that he was nearly a cut and character used to an already story don't get me started on the ending which had no to the rest of the story again using the cut and method the writer of this film needed a way to just end the story and this was the only solution they could arrive to it is sad when actors are forced to do things out of character but i guess that is the name of the game in hollywood fix until completely broken or at least br br the remainder of the story was there were maybe a handful of neat cinematography moments where you could see that there was one of creativity trying to peak through coupled with some bars of decent period piece music but nothing to write to grandma about more family structure with some stronger could have this film a bit more but as i stated before by leaving open ended scenes just lying around the entire film you will experience a crack in your foundation what may seem like a story will eventually wear down over time and by the end of this film i felt that the house was down on top of me plays his normal self in this film while driver apparently did not want to get naked but everyone else had too i will have to see a doctor after those images were burned into my eyes also she wore the same dress everyday that was disgusting and i could smell her through the television sex and dirty now there is a great film for you there just seemed to be some potential floating around here but instead it was just rubbish nothing was answered questions seemed to fall like snow in and mediocrity seemed to reign supreme br br overall this could have been a decent film that combined the powerful themes of science and love together but instead it was just pitiful i cannot stress enough the disturbing fact that characters were going through motions without any sort of pre explanation i don't need cinematic moments handed to me like a child but something should have been done to build a foundation just remember the with a that i used if you were as confused about that as i was then you will completely understand the film the while if you prefer in your then maybe this film is for you br br grade out of,far pitiful film use word loosely honestly poor excuse movie finished watching feature one word mind honestly could use question end every scene film would seem like fit many inconsistencies lead lack development story characters ultimately lead confusing film actors walking motions instead giving explanation scenes would occur understanding drive complete ending watching several different ideas thrown together without really resolution actors setting events motion seem fit character really resolved biggest issue film complete utter lack structure film brought foundation genuine effect felt throughout rest film result br br let explain lack throughout film would film bowl made sense logic behind driver worst deed character's lines drawn fuzzy nearly transparent would things like talk sex time sister yet seemed open sexual experiences time first moment passion film pain excitement happens seem fit original conversation beginning film sister intelligent woman accidentally finds solution problem suddenly wants full rights invention confusing completely random obvious anyone else teaching methods non existent anyone right mind could see teaching daughter anything sudden awkward relationship randomly forms driver jonathan rhys meyers nearly laughing loud thought maybe discovered magic film rhys meyers literally scene suddenly caused drama felt director writer thinking original story going nowhere fast adding random character may able advance plot bit confuse lesser film well fool saw nearly cut character used already story get started ending rest story using cut method writer film needed way end story solution could arrive sad actors forced things character guess name game hollywood fix completely broken least br br remainder story maybe handful neat cinematography moments could see one creativity trying peak coupled bars decent period piece music nothing write grandma family structure stronger could film bit stated leaving open ended scenes lying around entire film experience crack foundation may seem like story eventually wear time end film felt house top plays normal self film driver apparently want get naked everyone else see doctor images burned eyes also wore dress everyday disgusting could smell television sex dirty great film seemed potential floating around instead rubbish nothing answered questions seemed fall like snow mediocrity seemed reign supreme br br overall could decent film combined powerful themes science love together instead pitiful cannot stress enough disturbing fact characters going motions without sort pre explanation need cinematic moments handed like child something done build foundation remember used confused completely understand film prefer maybe film br br grade,0
<START> i haven't for a long time seen such a horrible film i hoped that at least adam sandler could be funny hopeless seems like some teenager have written it's script and he's daddy pushed this so far that someone agreed to shoot it movie world could be better place without this whatever it is,i haven't for a long time seen such a horrible film i hoped that at least adam sandler could be funny hopeless seems like some teenager have written it's script and he's daddy pushed this so far that someone agreed to shoot it movie world could be better place without this whatever it is,long time seen horrible film hoped least adam sandler could funny hopeless seems like teenager written script daddy pushed far someone agreed shoot movie world could better place without whatever,0
<START> being a huge horror movie fan one of the most difficult things to be considering the lack of abundance of good movies in the genre and having seen hundreds of them in my lifetime i have to say that dracula 3000 is by far the most uninspired lame and poorly done piece of trash i have had the misfortune to see stay away from this movie it's so bad it's not even laughable the special effects did i say special were probably achieved spending a couple of grand the acting is terrible and the script should have ended up in the trash bin after the first read by the studio that decided to take on this miserable project the whole movie was literally filmed in a warehouse also for you guys out there who like nudity in your movies don't be fooled by the r rating if you're thinking you get a chance to see erika <UNK> even half naked you're wrong she is fully <UNK> throughout the entire movie and the cover art is completely misleading there is no scene in any part of the movie that even <UNK> resembles the awesome cover art they put on the box to draw unsuspecting horror fans br br too bad the rating is only 1 to 10 i would give this movie a 10 be warned don't waste your money or your time on this one,being a huge horror movie fan one of the most difficult things to be considering the lack of abundance of good movies in the genre and having seen hundreds of them in my lifetime i have to say that dracula is by far the most uninspired lame and poorly done piece of trash i have had the misfortune to see stay away from this movie it's so bad it's not even laughable the special effects did i say special were probably achieved spending a couple of grand the acting is terrible and the script should have ended up in the trash bin after the first read by the studio that decided to take on this miserable project the whole movie was literally filmed in a warehouse also for you guys out there who like nudity in your movies don't be fooled by the r rating if you're thinking you get a chance to see erika even half naked you're wrong she is fully throughout the entire movie and the cover art is completely misleading there is no scene in any part of the movie that even resembles the awesome cover art they put on the box to draw unsuspecting horror fans br br too bad the rating is only to i would give this movie a be warned don't waste your money or your time on this one,huge horror movie fan one difficult things considering lack abundance good movies genre seen hundreds lifetime say dracula far uninspired lame poorly done piece trash misfortune see stay away movie bad even laughable special effects say special probably achieved spending couple grand acting terrible script ended trash bin first read studio decided take miserable project whole movie literally filmed warehouse also guys like nudity movies fooled r rating thinking get chance see erika even half naked wrong fully throughout entire movie cover art completely misleading scene part movie even resembles awesome cover art put box draw unsuspecting horror fans br br bad rating would give movie warned waste money time one,0
<START> wow just wow there are a lot of reviews on this movie already but i wanted to add some comments of my own i agree with most reviewers who have said this movie has terrible acting writing and directing <UNK> boy does it ever however i think there is some other problems here br br 1 why is christian belief and the <UNK> for <UNK> life <UNK> <UNK> the film acts as though you just can't be a christian and also allow for the possibility why they ever so briefly touch on this in the film i e the bible doesn't say there is aliens well the bible doesn't say there isn't but the actual <UNK> is never answered the bible really doesn't say there isn't so how about dealing with the question instead of <UNK> it out of hand or better yet acknowledge that this is an <UNK> universe we live in and if we believe in an <UNK> god there is the possibility that he made some other life somewhere and has his own plans for them br br 2 how come the only two explanations for the <UNK> that are valid are demons and <UNK> what about sleep <UNK> and night <UNK> which have been linked to <UNK> experiences what if it's something else entirely too bad the film makers already have their minds made up br br 3 the film makers claim that all who have had <UNK> experiences have had ties to the occult that's a pretty big claim to make without any factual evidence to present i'm not necessarily arguing that they don't but if you're going to say something so <UNK> you'd better have the facts to back it up br br 4 why does the other reporter not the <UNK> haired blonde guy the other one always have his hands in his <UNK> it's hard to take someone seriously when they're constantly playing pocket pool br br i wish this had been an exploration of christian faith and <UNK> <UNK> but unfortunately the film makers were too concerned with their faith message to care much about make a thought provoking movie as a christian myself this <UNK> me,wow just wow there are a lot of reviews on this movie already but i wanted to add some comments of my own i agree with most reviewers who have said this movie has terrible acting writing and directing boy does it ever however i think there is some other problems here br br why is christian belief and the for life the film acts as though you just can't be a christian and also allow for the possibility why they ever so briefly touch on this in the film i e the bible doesn't say there is aliens well the bible doesn't say there isn't but the actual is never answered the bible really doesn't say there isn't so how about dealing with the question instead of it out of hand or better yet acknowledge that this is an universe we live in and if we believe in an god there is the possibility that he made some other life somewhere and has his own plans for them br br how come the only two explanations for the that are valid are demons and what about sleep and night which have been linked to experiences what if it's something else entirely too bad the film makers already have their minds made up br br the film makers claim that all who have had experiences have had ties to the occult that's a pretty big claim to make without any factual evidence to present i'm not necessarily arguing that they don't but if you're going to say something so you'd better have the facts to back it up br br why does the other reporter not the haired blonde guy the other one always have his hands in his it's hard to take someone seriously when they're constantly playing pocket pool br br i wish this had been an exploration of christian faith and but unfortunately the film makers were too concerned with their faith message to care much about make a thought provoking movie as a christian myself this me,wow wow lot reviews movie already wanted add comments agree reviewers said movie terrible acting writing directing boy ever however think problems br br christian belief life film acts though can't christian also allow possibility ever briefly touch film e bible say aliens well bible say actual never answered bible really say dealing question instead hand better yet acknowledge universe live believe god possibility made life somewhere plans br br come two explanations valid demons sleep night linked experiences something else entirely bad film makers already minds made br br film makers claim experiences ties occult that's pretty big claim make without factual evidence present necessarily arguing going say something better facts back br br reporter haired blonde guy one always hands hard take someone seriously constantly playing pocket pool br br wish exploration christian faith unfortunately film makers concerned faith message care much make thought provoking movie christian,0
<START> i don't what that other review was talking about this definitely isn't a bimbo movie in fact i don't think there was one decent looking girl in it no it's just cheesy poorly done ed wood style science fiction schlock and it's bad i can't even begin to tell you how bad it is i saw it late at night on cable and i was in shock the fact that this movie was ever released is an insult to us all the actors were either friends of the producer or mentally retarded the special effects are a joke and the pace is insanely slow to me though the music tops it all a monkey could write a better theme with a toy <UNK> do not rent this thing but if you ever see it on cable watch it you'll be amazed at how bad a movie can be,i don't what that other review was talking about this definitely isn't a bimbo movie in fact i don't think there was one decent looking girl in it no it's just cheesy poorly done ed wood style science fiction schlock and it's bad i can't even begin to tell you how bad it is i saw it late at night on cable and i was in shock the fact that this movie was ever released is an insult to us all the actors were either friends of the producer or mentally retarded the special effects are a joke and the pace is insanely slow to me though the music tops it all a monkey could write a better theme with a toy do not rent this thing but if you ever see it on cable watch it you'll be amazed at how bad a movie can be,review talking definitely bimbo movie fact think one decent looking girl cheesy poorly done ed wood style science fiction schlock bad can't even begin tell bad saw late night cable shock fact movie ever released insult us actors either friends producer mentally retarded special effects joke pace insanely slow though music tops monkey could write better theme toy rent thing ever see cable watch amazed bad movie,0
<START> to start off this happens to be my favorite of the st <UNK> br br in addition to critical comments i'll throw in some more getting technical when the enterprise fires it's <UNK> at a blind target they'd have to be mighty close to direct hits i believe in order to cause any <UNK> much less damage to the <UNK> with the <UNK> of space to <UNK> with br br i had somewhat of a problem with the commander questioning his faith in the <UNK> or their <UNK> unless it has to do with attacking vulnerable targets <UNK> in the neutral zone that are not at war also i don't think commander would fall for the basic or simple tactics that kirk played such as playing dead or falling for the <UNK> that the <UNK> puts on him about whether or not to attack the enterprise when it is playing dead br br on the enterprise i'm surprised that after seeing the method of attack earlier that <UNK> would say are they <UNK> when it attacks the enterprise the first time br br funny how spock can only get the <UNK> done on the weapons control right when the <UNK> is over br br also in the final attack i thought the <UNK> was too long so long that spock could run down a couple <UNK> and back to the weapons room and <UNK> and fire the <UNK> <UNK> i would have used at this point but i'm sure it had to do with the <UNK> and budget br br on the positive side it's a good drama played on the <UNK> in which to introduce us to the <UNK> great scenes with stiles telling a good deal of the human knowledge of the <UNK> also his conflict with spock is right up there i wished <UNK> character would have stayed on the show for a while if for nothing else than the energy he added br br it's only in fun that i point out the <UNK> and goofs i'm sure there are more but for me this is as good as it gets balance of terror is always the one i place at the top in my st <UNK>,to off this happens to be my favorite of the st br br in addition to critical comments i'll throw in some more getting technical when the enterprise fires it's at a blind target they'd have to be mighty close to direct hits i believe in order to cause any much less damage to the with the of space to with br br i had somewhat of a problem with the commander questioning his faith in the or their unless it has to do with attacking vulnerable targets in the neutral zone that are not at war also i don't think commander would fall for the basic or simple tactics that kirk played such as playing dead or falling for the that the puts on him about whether or not to attack the enterprise when it is playing dead br br on the enterprise i'm surprised that after seeing the method of attack earlier that would say are they when it attacks the enterprise the first time br br funny how spock can only get the done on the weapons control right when the is over br br also in the final attack i thought the was too long so long that spock could run down a couple and back to the weapons room and and fire the i would have used at this point but i'm sure it had to do with the and budget br br on the positive side it's a good drama played on the in which to introduce us to the great scenes with stiles telling a good deal of the human knowledge of the also his conflict with spock is right up there i wished character would have stayed on the show for a while if for nothing else than the energy he added br br it's only in fun that i point out the and goofs i'm sure there are more but for me this is as good as it gets balance of terror is always the one i place at the top in my st,happens favorite st br br addition critical comments throw getting technical enterprise fires blind target mighty close direct hits believe order cause much less damage space br br somewhat problem commander questioning faith unless attacking vulnerable targets neutral zone war also think commander would fall basic simple tactics kirk played playing dead falling puts whether attack enterprise playing dead br br enterprise surprised seeing method attack earlier would say attacks enterprise first time br br funny spock get done weapons control right br br also final attack thought long long spock could run couple back weapons room fire would used point sure budget br br positive side good drama played introduce us great scenes stiles telling good deal human knowledge also conflict spock right wished character would stayed show nothing else energy added br br fun point goofs sure good gets balance terror always one place top st,1
<START> like the blair witch project before it <UNK> has garnered its own fair share of publicity from the bottom on up as an avid reader of <UNK> magazine the full page ads are hard to miss even after its <UNK> theatrical run the film is bound to <UNK> solely on the hype surrounding it and will probably turn into a cult item at some point with a <UNK> <UNK> and a mighty if <UNK> <UNK> promise of <UNK> so called old school american horror <UNK> will draw a lot of curiosity <UNK> with its dvd release where that claim is <UNK> on the disc itself perhaps it was the large print <UNK> from ain't it cool news on the ads that caused me to approach the film with some <UNK> it seems that harry <UNK> and his <UNK> will <UNK> of any film for <UNK> passes and free food but <UNK> makes me question what writer director adam <UNK> idea of old school american horror really is based on the evidence here it means the insipid late '80s rip offs of friday the 13th and deliverance the characters are obnoxious stereotypes black chris tucker type <UNK> chick topless <UNK> requisite old couple asian tour guide whose interactions are marred by painful trying to be hip dialogues and mostly obvious stabs at humor not quite as bad as cabin fever but still the script has too much padding the <UNK> bush scene for example and <UNK> winds up as typical as any <UNK> slasher of the last decade with its only <UNK> <UNK> an expertly <UNK> hype machine i'll give it some faint praise for the gore if you can <UNK> through the padding in between kills the red is definitely a thing of wonder and the only real reason to watch this,like the blair witch project before it has garnered its own fair share of publicity from the bottom on up as an avid reader of magazine the full page ads are hard to miss even after its theatrical run the film is bound to solely on the hype surrounding it and will probably turn into a cult item at some point with a and a mighty if promise of so called old school american horror will draw a lot of curiosity with its dvd release where that claim is on the disc itself perhaps it was the large print from ain't it cool news on the ads that caused me to approach the film with some it seems that harry and his will of any film for passes and free food but makes me question what writer director adam idea of old school american horror really is based on the evidence here it means the insipid late ' s rip offs of friday the th and deliverance the characters are obnoxious stereotypes black chris tucker type chick topless requisite old couple asian tour guide whose interactions are marred by painful trying to be hip dialogues and mostly obvious stabs at humor not quite as bad as cabin fever but still the script has too much padding the bush scene for example and winds up as typical as any slasher of the last decade with its only an expertly hype machine i'll give it some faint praise for the gore if you can through the padding in between kills the red is definitely a thing of wonder and the only real reason to watch this,like blair witch project garnered fair share publicity bottom avid reader magazine full page ads hard miss even theatrical run film bound solely hype surrounding probably turn cult item point mighty promise called old school american horror draw lot curiosity dvd release claim disc perhaps large print ain't cool news ads caused approach film seems harry film passes free food makes question writer director adam idea old school american horror really based evidence means insipid late ' rip offs friday th deliverance characters obnoxious stereotypes black chris tucker type chick topless requisite old couple asian tour guide whose interactions marred painful trying hip dialogues mostly obvious stabs humor quite bad cabin fever still script much padding bush scene example winds typical slasher last decade expertly hype machine give faint praise gore padding kills red definitely thing wonder real reason watch,0
<START> don't even bother with this movie it's bad when judged on it's own merits but when compared to the 1972 original which is a classic it's down right awful and btw somebody commented that the 1972 movie is bad when compared to the book this is silly movies should never be judged against the books they are taken from they are 2 completely different art forms as if this needed to be pointed out but apparently it does if you used this <UNK> for all movies then 2001 would suck and so would forest <UNK> and silence of the <UNK>,don't even bother with this movie it's bad when judged on it's own merits but when compared to the original which is a classic it's down right awful and btw somebody commented that the movie is bad when compared to the book this is silly movies should never be judged against the books they are taken from they are completely different art forms as if this needed to be pointed out but apparently it does if you used this for all movies then would suck and so would forest and silence of the,even bother movie bad judged merits compared original classic right awful btw somebody commented movie bad compared book silly movies never judged books taken completely different art forms needed pointed apparently used movies would suck would forest silence,0
<START> as a parent of two girls 14 and 11 i have grave doubts about this show and all the shows aimed at <UNK> first i am always amazed that the living conditions of drake josh <UNK> cody <UNK> <UNK> derek sunny etc always make most houses look tiny and <UNK> most people work hard all day to pay for living quarters less than half the size yet on these shows nobody is going or coming from work paying <UNK> rent <UNK> or insurance bills <UNK> sweeping changing <UNK> <UNK> etc just walking in and out and down the <UNK> wide stairs that only exist on tv sets cracking jokes most of which involve lying and the hilarious results and <UNK> work i think kids watching these will have unrealistic expectations on how hard they will work and how <UNK> their lives will be second there is never an intact family always a mom or dad but never both who are always going on <UNK> dates but never seem to have any of the downside of divorce <UNK> support arguments again kids may get the impression that if mom dad get divorced there will be fun fun fun actually mom or dad are often not around if that helps the plot needless to say there is no mention of <UNK> forget specific religion finally there is a theme that troubles me there are <UNK> that are good in school <UNK> good in sports <UNK> two shoes as well the protagonists are not good at school sports or <UNK> but make <UNK> about those who are the message is don't be good at anything just be one of the <UNK> who blend in cracking jokes needless to say i give all these shows a zero and turn them off all the time and am just short of <UNK> them in my house,as a parent of two girls and i have grave doubts about this show and all the shows aimed at first i am always amazed that the living conditions of drake josh cody derek sunny etc always make most houses look tiny and most people work hard all day to pay for living quarters less than half the size yet on these shows nobody is going or coming from work paying rent or insurance bills sweeping changing etc just walking in and out and down the wide stairs that only exist on tv sets cracking jokes most of which involve lying and the hilarious results and work i think kids watching these will have unrealistic expectations on how hard they will work and how their lives will be second there is never an intact family always a mom or dad but never both who are always going on dates but never seem to have any of the downside of divorce support arguments again kids may get the impression that if mom dad get divorced there will be fun fun fun actually mom or dad are often not around if that helps the plot needless to say there is no mention of forget specific religion finally there is a theme that troubles me there are that are good in school good in sports two shoes as well the protagonists are not good at school sports or but make about those who are the message is don't be good at anything just be one of the who blend in cracking jokes needless to say i give all these shows a zero and turn them off all the time and am just short of them in my house,parent two girls grave doubts show shows aimed first always amazed living conditions drake josh cody derek sunny etc always make houses look tiny people work hard day pay living quarters less half size yet shows nobody going coming work paying rent insurance bills sweeping changing etc walking wide stairs exist tv sets cracking jokes involve lying hilarious results work think kids watching unrealistic expectations hard work lives second never intact family always mom dad never always going dates never seem downside divorce support arguments kids may get impression mom dad get divorced fun fun fun actually mom dad often around helps plot needless say mention forget specific religion finally theme troubles good school good sports two shoes well protagonists good school sports make message good anything one blend cracking jokes needless say give shows zero turn time short house,0
<START> i saw on broadway and liked it a great deal i don't know what happened with the film version because it was dreadful perhaps some dialogue that works on stage just sounds incoherent on screen anyway i couldn't wait for this film to be over the acting is universally over the top only kevin spacey has it together and he seems like he knows he's in a bad movie and can't wait to get out,i saw on broadway and liked it a great deal i don't know what happened with the film version because it was dreadful perhaps some dialogue that works on stage just sounds incoherent on screen anyway i couldn't wait for this film to be over the acting is universally over the top only kevin spacey has it together and he seems like he knows he's in a bad movie and can't wait to get out,saw broadway liked great deal know happened film version dreadful perhaps dialogue works stage sounds incoherent screen anyway wait film acting universally top kevin spacey together seems like knows bad movie can't wait get,0
<START> first of all there wasn't really anything in this movie that grabbed me really it wasn't a bad movie just another movie where i said well that wasn't anything special after i'd seen it there was probably drama and stuff but it simply didn't grab me but more <UNK> semi dull as i said in the <UNK> it <UNK> very cheap in a way the quality of the film itself the images <UNK> like a low quality and reminded me more of some cheap made for tv movie than a well respected english film maker the camera angles and shots were very amateur like in my opinion didn't really have any close up shots or similar effects to produce interesting scenes i haven't seen many english films and the ones i've seen didn't really impress me more than this and they <UNK> kind of similar done with the camera work colors and such game tried to be more cool hip smart see my review of lola <UNK> about this if you wish but didn't succeed for me either overall just a little indifferent movie that wasn't anything special at best i'm afraid and basically unfortunately over two hours wasted,first of all there wasn't really anything in this movie that grabbed me really it wasn't a bad movie just another movie where i said well that wasn't anything special after i'd seen it there was probably drama and stuff but it simply didn't grab me but more semi dull as i said in the it very cheap in a way the quality of the film itself the images like a low quality and reminded me more of some cheap made for tv movie than a well respected english film maker the camera angles and shots were very amateur like in my opinion didn't really have any close up shots or similar effects to produce interesting scenes i haven't seen many english films and the ones i've seen didn't really impress me more than this and they kind of similar done with the camera work colors and such game tried to be more cool hip smart see my review of lola about this if you wish but didn't succeed for me either overall just a little indifferent movie that wasn't anything special at best i'm afraid and basically unfortunately over two hours wasted,first really anything movie grabbed really bad movie another movie said well anything special seen probably drama stuff simply grab semi dull said cheap way quality film images like low quality reminded cheap made tv movie well respected english film maker camera angles shots amateur like opinion really close shots similar effects produce interesting scenes seen many english films ones seen really impress kind similar done camera work colors game tried cool hip smart see review lola wish succeed either overall little indifferent movie anything special best afraid basically unfortunately two hours wasted,0
<START> wow i just don't even know where to begin with what made this movie so awful maybe i should start by just saying that during a <UNK> confrontation between the antagonist and protagonist i had to leave the theater because i was laughing so hard yeah the acting really was that bad the acting was not even the worst part though the plot was almost entirely shown in the previews the characters are all grossly underdeveloped the dialogue and dramatic moments are ridiculous the bad guy is a caricature of an out of control power drunk <UNK> br br but hey the actors are pretty so guess that was supposed to make it all better,wow i just don't even know where to begin with what made this movie so awful maybe i should by just saying that during a confrontation between the antagonist and protagonist i had to leave the theater because i was laughing so hard yeah the acting really was that bad the acting was not even the worst part though the plot was almost entirely shown in the previews the characters are all grossly underdeveloped the dialogue and dramatic moments are ridiculous the bad guy is a caricature of an out of control power drunk br br but hey the actors are pretty so guess that was supposed to make it all better,wow even know begin made movie awful maybe saying confrontation antagonist protagonist leave theater laughing hard yeah acting really bad acting even worst part though plot almost entirely shown previews characters grossly underdeveloped dialogue dramatic moments ridiculous bad guy caricature control power drunk br br hey actors pretty guess supposed make better,0
<START> a remarkable piece of documentary giving a vivid depiction of a country deeply divided within itself for further evidence check out some of the comments on imdb <UNK> extremely <UNK> with oliver <UNK> <UNK> which is mainly an in depth examination of <UNK> <UNK> <UNK> <UNK> i don't know whether chavez is everything he presents himself as being or yet another in the long line of <UNK> latin american <UNK> nor do i know whether he will be able to make good on the huge expectations he has clearly built up among the poor majority of <UNK> it's hardly reasonable to expect a film like this to be able to answer such questions but i've certainly now got a pretty vivid idea of what's at stake and what it feels like to be caught up in the middle of a coup someone says in the film we're making history and that's exactly what the film feels like it's capturing outstanding stuff,a remarkable piece of documentary giving a vivid depiction of a country deeply divided within itself for further evidence check out some of the comments on imdb extremely with oliver which is mainly an in depth examination of i don't know whether chavez is everything he presents himself as being or yet another in the long line of latin american nor do i know whether he will be able to make good on the huge expectations he has clearly built up among the poor majority of it's hardly reasonable to expect a film like this to be able to answer such questions but i've certainly now got a pretty vivid idea of what's at stake and what it feels like to be caught up in the middle of a coup someone says in the film we're making history and that's exactly what the film feels like it's capturing outstanding stuff,remarkable piece documentary giving vivid depiction country deeply divided within evidence check comments imdb extremely oliver mainly depth examination know whether chavez everything presents yet another long line latin american know whether able make good huge expectations clearly built among poor majority hardly reasonable expect film like able answer questions certainly got pretty vivid idea what's stake feels like caught middle coup someone says film making history that's exactly film feels like capturing outstanding stuff,1
<START> i can imagine what happened for this film to come into being a bunch of studio guys are sitting around drinking <UNK> and <UNK> maybe a joint and one of them comes up with the idea that it would be great if they could find a film that would bridge the generation gap which at that time was about as far apart as <UNK> <UNK> and mick jagger something that both college age rebels and their parents would find equally interesting for different reasons perhaps but still a ticket is a ticket what interested hippies asia philosophy <UNK> and wild sets and costumes what interested their parents musicals eye candy a feel good script and nostalgia very well then lost horizon the old classic as a musical in color can't miss right it was a bomb lost horizon by james hilton is perhaps less than a classic but not a bad novel in broad terms he sketches out a <UNK> society in <UNK> la the valley of the blue moon near <UNK> inhabited by <UNK> <UNK> villagers who serve an <UNK> of i very i long lived monks <UNK> into paradise is a <UNK> island like of <UNK> a veteran of wwi a <UNK> etc each with their own spin on the situation what plot there is concerns the reaction of each of them to being presented with a choice to live in paradise or try to return to the <UNK> of the <UNK> century taken on its own terms it's gentle pop lit fluff presenting <UNK> own conservative british views in oriental dress as exotic and as familiar as a fortune cookie as captive <UNK> guests of the monks the <UNK> are forbidden to leave the valley but never pressed into work or <UNK> not that the monks do too much of that themselves treated <UNK> and given simple yet <UNK> who'd want to escape in this middle american heaven on earth the monks are both <UNK> and wise the climate is warm the food is <UNK> and tasty the villagers are <UNK> and nothing ever changes the nuns are <UNK> but encouraged to look pretty and even <UNK> a bit the reason given is one of the most hilariously inaccurate explanations of <UNK> sex i've ever read even their religion is <UNK> revealed as a best of both worlds blend of christianity and <UNK> there's little to offend any but the <UNK> or the <UNK> out there who actually knew something about <UNK> which in the early thirties was a very small number br br as a <UNK> film <UNK> on the adventure character interplay angles it was enchanting and perhaps steven could have made it fly if he'd been around as an early seventies hollywood product the adventure was over too quickly and the updated <UNK> of characters too bland to make much of an impression <UNK> of the <UNK> suggestive qualities of classic b w the monastery resembles a de beauty <UNK> in white and pale blue and while at least some of the <UNK> <UNK> tried for historical accuracy most of the rest of the inmates looked as if on their way to a morning <UNK> and bath with a couple of holes of golf in the afternoon maybe <UNK> <UNK> could have restored some <UNK> to the story playing up the very real conflict inside each character's reaction just five years afterwards brian would have captured the <UNK> atmosphere to a t instead bert and hal david were given the job of writing the songs which marry <UNK> like <UNK> with some of the new <UNK> lyrics ever penned quite naturally for the time every song calls for a dance number which range from the merely forgettable to the completely boring and so is the script which has not one line worth <UNK> br br tie ins with this movie were legion there were everything from to posters planned to promote this film and such was the hype that i actually went out and bought the album just about the only thing good i can say about it is that it made enough of an impression on me to write this review completely from memory nearly thirty years after the next month i read bought a copy of the and hence learned about real <UNK> culture <UNK> br br,i can imagine what happened for this film to come into being a bunch of studio guys are sitting around drinking and maybe a joint and one of them comes up with the idea that it would be great if they could find a film that would bridge the generation gap which at that time was about as far apart as and mick jagger something that both college age rebels and their parents would find equally interesting for different reasons perhaps but still a ticket is a ticket what interested hippies asia philosophy and wild sets and costumes what interested their parents musicals eye candy a feel good script and nostalgia very well then lost horizon the old classic as a musical in color can't miss right it was a bomb lost horizon by james hilton is perhaps less than a classic but not a bad novel in broad terms he sketches out a society in la the valley of the blue moon near inhabited by villagers who serve an of i very i long lived monks into paradise is a island like of a veteran of wwi a etc each with their own spin on the situation what plot there is concerns the reaction of each of them to being presented with a choice to live in paradise or try to return to the of the century taken on its own terms it's gentle pop lit fluff presenting own conservative british views in oriental dress as exotic and as familiar as a fortune cookie as captive guests of the monks the are forbidden to leave the valley but never pressed into work or not that the monks do too much of that themselves treated and given simple yet who'd want to escape in this middle american heaven on earth the monks are both and wise the climate is warm the food is and tasty the villagers are and nothing ever changes the nuns are but encouraged to look pretty and even a bit the reason given is one of the most hilariously inaccurate explanations of sex i've ever read even their religion is revealed as a best of both worlds blend of christianity and there's little to offend any but the or the out there who actually knew something about which in the early thirties was a very small number br br as a film on the adventure character interplay angles it was enchanting and perhaps steven could have made it fly if he'd been around as an early seventies hollywood product the adventure was over too quickly and the updated of characters too bland to make much of an impression of the suggestive qualities of classic b w the monastery resembles a de beauty in white and pale blue and while at least some of the tried for historical accuracy most of the rest of the inmates looked as if on their way to a morning and bath with a couple of holes of golf in the afternoon maybe could have restored some to the story playing up the very real conflict inside each character's reaction just five years afterwards brian would have captured the atmosphere to a t instead bert and hal david were given the job of writing the songs which marry like with some of the new lyrics ever penned quite naturally for the time every song calls for a dance number which range from the merely forgettable to the completely boring and so is the script which has not one line worth br br tie ins with this movie were legion there were everything from to posters planned to promote this film and such was the hype that i actually went out and bought the album just about the only thing good i can say about it is that it made enough of an impression on me to write this review completely from memory nearly thirty years after the next month i read bought a copy of the and hence learned about real culture br br,imagine happened film come bunch studio guys sitting around drinking maybe joint one comes idea would great could find film would bridge generation gap time far apart mick jagger something college age rebels parents would find equally interesting different reasons perhaps still ticket ticket interested hippies asia philosophy wild sets costumes interested parents musicals eye candy feel good script nostalgia well lost horizon old classic musical color can't miss right bomb lost horizon james hilton perhaps less classic bad novel broad terms sketches society la valley blue moon near inhabited villagers serve long lived monks paradise island like veteran wwi etc spin situation plot concerns reaction presented choice live paradise try return century taken terms gentle pop lit fluff presenting conservative british views oriental dress exotic familiar fortune cookie captive guests monks forbidden leave valley never pressed work monks much treated given simple yet who'd want escape middle american heaven earth monks wise climate warm food tasty villagers nothing ever changes nuns encouraged look pretty even bit reason given one hilariously inaccurate explanations sex ever read even religion revealed best worlds blend christianity there's little offend actually knew something early thirties small number br br film adventure character interplay angles enchanting perhaps steven could made fly around early seventies hollywood product adventure quickly updated characters bland make much impression suggestive qualities classic b w monastery resembles de beauty white pale blue least tried historical accuracy rest inmates looked way morning bath couple holes golf afternoon maybe could restored story playing real conflict inside character's reaction five years afterwards brian would captured atmosphere instead bert hal david given job writing songs marry like new lyrics ever penned quite naturally time every song calls dance number range merely forgettable completely boring script one line worth br br tie ins movie legion everything posters planned promote film hype actually went bought album thing good say made enough impression write review completely memory nearly thirty years next month read bought copy hence learned real culture br br,0
<START> a letter to the guys i tried guys i really tried i tried so hard not to watch this movie i would leave the room when it was on or jump on the computer when the wife watched it this is her second favorite movie the godfather being first which i love br br i ended up catching little bits of this movie and finally after maybe a year i was actually sitting down watching it with her i can't believe i am saying this but i loved this movie dalton plays a great <UNK> and has his <UNK> down pat <UNK> plays a delightful scarlett full of fire and <UNK> and nothing is going to stop her br br my favorite scene is when she is overseas in ireland and the government is going to tear down a house because they are behind in the rent scarlett gets all mad at this and pays the entire debt thus making a huge name for herself around this small town br br all i'm saying guys is you might want to try this movie especially if you are a fan of gone with the wind it does take a little bit to get used to the new actors but i think you will find them refreshing,a letter to the guys i tried guys i really tried i tried so hard not to watch this movie i would leave the room when it was on or jump on the computer when the wife watched it this is her second favorite movie the godfather being first which i love br br i ended up catching little bits of this movie and finally after maybe a year i was actually sitting down watching it with her i can't believe i am saying this but i loved this movie dalton plays a great and has his down pat plays a delightful scarlett full of fire and and nothing is going to stop her br br my favorite scene is when she is overseas in ireland and the government is going to tear down a house because they are behind in the rent scarlett gets all mad at this and pays the entire debt thus making a huge name for herself around this small town br br all i'm saying guys is you might want to try this movie especially if you are a fan of gone with the wind it does take a little bit to get used to the new actors but i think you will find them refreshing,letter guys tried guys really tried tried hard watch movie would leave room jump computer wife watched second favorite movie godfather first love br br ended catching little bits movie finally maybe year actually sitting watching can't believe saying loved movie dalton plays great pat plays delightful scarlett full fire nothing going stop br br favorite scene overseas ireland government going tear house behind rent scarlett gets mad pays entire debt thus making huge name around small town br br saying guys might want try movie especially fan gone wind take little bit get used new actors think find refreshing,1
<START> simon pegg stars as sidney young a <UNK> clumsy idiot brit working as a celebrity journalist in this us comedy after getting a very lucky break he starts work at the highly respected <UNK> magazine run by a <UNK> on form jeff bridges in new york it's more the devil wears <UNK> than shaun of the dead the unlikely love interest is provided by kirsten dunst who works well with pegg for the laughs but they don't exactly set the screen <UNK> with their passion br br sidney goes through some emotional challenges while trying to decide if he should forget about his <UNK> principles in order to get material in the magazine of course he's eventually <UNK> by the <UNK> and <UNK> of the world of celebrities especially the young <UNK> sophie <UNK> <UNK> <UNK> fox fans of shaun of the dead hot <UNK> and <UNK> will wonder if pegg himself ever experienced similar feelings in real life with this film and to an extent run fat boy run as one of the <UNK> best comic talents being ruined by the us br br all in all this is a forgettable comedy please come back to us simon we can forgive and forget,simon pegg stars as sidney young a clumsy idiot brit working as a celebrity journalist in this us comedy after getting a very lucky break he starts work at the highly respected magazine run by a on form jeff bridges in new york it's more the devil wears than shaun of the dead the unlikely love interest is provided by kirsten dunst who works well with pegg for the laughs but they don't exactly set the screen with their passion br br sidney goes through some emotional challenges while trying to decide if he should forget about his principles in order to get material in the magazine of course he's eventually by the and of the world of celebrities especially the young sophie fox fans of shaun of the dead hot and will wonder if pegg himself ever experienced similar feelings in real life with this film and to an extent run fat boy run as one of the best comic talents being ruined by the us br br all in all this is a forgettable comedy please come back to us simon we can forgive and forget,simon pegg stars sidney young clumsy idiot brit working celebrity journalist us comedy getting lucky break starts work highly respected magazine run form jeff bridges new york devil wears shaun dead unlikely love interest provided kirsten dunst works well pegg laughs exactly set screen passion br br sidney goes emotional challenges trying decide forget principles order get material magazine course eventually world celebrities especially young sophie fox fans shaun dead hot wonder pegg ever experienced similar feelings real life film extent run fat boy run one best comic talents ruined us br br forgettable comedy please come back us simon forgive forget,0
<START> the <UNK> hour was a movie i just <UNK> upon <UNK> in late at night this movie kept my fascination throughout the entire film tony <UNK> is this poor unsuspecting guy who just wanted to fall in love with a woman and by simple jealousy goes on this incredible journey terrific movie and a hidden treasure,the hour was a movie i just upon in late at night this movie kept my fascination throughout the entire film tony is this poor unsuspecting guy who just wanted to fall in love with a woman and by simple jealousy goes on this incredible journey terrific movie and a hidden treasure,hour movie upon late night movie kept fascination throughout entire film tony poor unsuspecting guy wanted fall love woman simple jealousy goes incredible journey terrific movie hidden treasure,1
<START> this movie had what sounded like a good premise 9 people facing their fears to win one million dollars unfortunately it did not turn out to be a good movie there are several scenes that are way too long and really pointless like the dancing scene a few scenes are just an excuse to point the camera at female body parts the acting is bad but some of the lines are amusing in their awfulness what's really strange is that towards the end of the movie it turns into like a 5 minute western and at the end the twists of which their were several don't make sense with the rest of the movie it seemed as though the director just added stuff on because he thought it would look cool while conveniently ignoring the plot of the movie up to that point it just didn't make a lot of sense the only creepy thing was the old people dancing down the hall but that doesn't even come close to making up for the rest of this mess,this movie had what sounded like a good premise people facing their fears to win one million dollars unfortunately it did not turn out to be a good movie there are several scenes that are way too long and really pointless like the dancing scene a few scenes are just an excuse to point the camera at female body parts the acting is bad but some of the lines are amusing in their awfulness what's really strange is that towards the end of the movie it turns into like a minute western and at the end the twists of which their were several don't make sense with the rest of the movie it seemed as though the director just added stuff on because he thought it would look cool while conveniently ignoring the plot of the movie up to that point it just didn't make a lot of sense the only creepy thing was the old people dancing down the hall but that doesn't even come close to making up for the rest of this mess,movie sounded like good premise people facing fears win one million dollars unfortunately turn good movie several scenes way long really pointless like dancing scene scenes excuse point camera female body parts acting bad lines amusing awfulness what's really strange towards end movie turns like minute western end twists several make sense rest movie seemed though director added stuff thought would look cool conveniently ignoring plot movie point make lot sense creepy thing old people dancing hall even come close making rest mess,0
<START> this movie does an excellent job of taking us all the way through the dark tunnel of espionage from the <UNK> through the ultimate <UNK> the movie's impact is made even deeper with the realization that it is based on a true story timothy <UNK> provides us with a quality understated performance and sean penn demonstrates why he is one of america's finest living actors as with midnight express this movie should make us all think twice about doing something we shouldn't be doing in a foreign country,this movie does an excellent job of taking us all the way through the dark tunnel of espionage from the through the ultimate the movie's impact is made even deeper with the realization that it is based on a true story timothy provides us with a quality understated performance and sean penn demonstrates why he is one of america's finest living actors as with midnight express this movie should make us all think twice about doing something we shouldn't be doing in a foreign country,movie excellent job taking us way dark tunnel espionage ultimate movie's impact made even deeper realization based true story timothy provides us quality understated performance sean penn demonstrates one america's finest living actors midnight express movie make us think twice something foreign country,1
<START> another violent angry fantasy from paul verhoeven verhoeven is a puzzle it's difficult to tell whether he takes his <UNK> <UNK> seriously with <UNK> intent or <UNK> in complete oblivion he also seems completely ignorant of the fact that all the brilliant visuals in the world and this has some outstanding ones cannot hide a <UNK> to story dialogue and performance kevin bacon plays a corrupt scientist who has discovered <UNK> and uses it to drive himself into moral <UNK> bacon is normally a likable actor who occasionally shows his dark side the river <UNK> in an attempt to <UNK> his <UNK> looks given the material however bacon isn't nearly hateful enough to <UNK> the other principals are <UNK> <UNK> and josh <UNK> neither of whom are gifted enough to make a solid impression and who when forced to deliver inane dialogue embarrass themselves the climax is a study in <UNK> and disbelief has to be truly suspended,another violent angry fantasy from paul verhoeven verhoeven is a puzzle it's difficult to tell whether he takes his seriously with intent or in complete oblivion he also seems completely ignorant of the fact that all the brilliant visuals in the world and this has some outstanding ones cannot hide a to story dialogue and performance kevin bacon plays a corrupt scientist who has discovered and uses it to drive himself into moral bacon is normally a likable actor who occasionally shows his dark side the river in an attempt to his looks given the material however bacon isn't nearly hateful enough to the other principals are and josh neither of whom are gifted enough to make a solid impression and who when forced to deliver inane dialogue embarrass themselves the climax is a study in and disbelief has to be truly suspended,another violent angry fantasy paul verhoeven verhoeven puzzle difficult tell whether takes seriously intent complete oblivion also seems completely ignorant fact brilliant visuals world outstanding ones cannot hide story dialogue performance kevin bacon plays corrupt scientist discovered uses drive moral bacon normally likable actor occasionally shows dark side river attempt looks given material however bacon nearly hateful enough principals josh neither gifted enough make solid impression forced deliver inane dialogue embarrass climax study disbelief truly suspended,0
<START> this movie just goes to show that you dont need big explosions <UNK> billion dollar computer graphics or highly over paid actors and actresses to make a good movie all you need is a excellent story line and plot which the master of all japanese films <UNK> kurosawa pulls off brilliantly i recommend this film to all that love a epic period piece and for those that enjoy <UNK> earlier works 10 10,this movie just goes to show that you dont need big explosions billion dollar computer graphics or highly over paid actors and actresses to make a good movie all you need is a excellent story line and plot which the master of all japanese films kurosawa pulls off brilliantly i recommend this film to all that love a epic period piece and for those that enjoy earlier works,movie goes show dont need big explosions billion dollar computer graphics highly paid actors actresses make good movie need excellent story line plot master japanese films kurosawa pulls brilliantly recommend film love epic period piece enjoy earlier works,1
<START> how bad can you make a film a good question which house of the dead 2 succeeds in answering i could not believe it was possible to get something worse than the first house of the dead but amazingly the director has succeeded the only feeling you get from the film is that its bad just bad what with overacting bad fx and a stupid story its this kind of movie which gives a bad name to z movies in general why could they not learn the lesson from the first house of the dead movie anyway i guess you will have understood by now that you should not see this film it is but a waste of time watch bad taste or dawn of the dead if you want to see some good zombies,how bad can you make a film a good question which house of the dead succeeds in answering i could not believe it was possible to get something worse than the first house of the dead but amazingly the director has succeeded the only feeling you get from the film is that its bad just bad what with overacting bad fx and a stupid story its this kind of movie which gives a bad name to z movies in general why could they not learn the lesson from the first house of the dead movie anyway i guess you will have understood by now that you should not see this film it is but a waste of time watch bad taste or dawn of the dead if you want to see some good zombies,bad make film good question house dead succeeds answering could believe possible get something worse first house dead amazingly director succeeded feeling get film bad bad overacting bad fx stupid story kind movie gives bad name z movies general could learn lesson first house dead movie anyway guess understood see film waste time watch bad taste dawn dead want see good zombies,0
<START> i have to say i quite enjoyed soldier russell was very good as this trained psychopath <UNK> his humanity very watchable and nowhere near as bad as i'd been led to believe yes it has problems but provides its share of entertainment,i have to say i quite enjoyed soldier russell was very good as this trained psychopath his humanity very watchable and nowhere near as bad as i'd been led to believe yes it has problems but provides its share of entertainment,say quite enjoyed soldier russell good trained psychopath humanity watchable nowhere near bad led believe yes problems provides share entertainment,1
<START> a strange mix of traditional 80s <UNK> chevy chase type every ten lines you get a funny one farce and <UNK> black comedy mildly amusing in spots but utterly tasteless there is a <UNK> sequence that includes the <UNK> looking back <UNK> since on her <UNK> secret service,a strange mix of traditional s chevy chase type every ten lines you get a funny one farce and black comedy mildly amusing in spots but utterly tasteless there is a sequence that includes the looking back since on her secret service,strange mix traditional chevy chase type every ten lines get funny one farce black comedy mildly amusing spots utterly tasteless sequence includes looking back since secret service,0
<START> while others may <UNK> that by viewing other works by <UNK> one will better appreciate this movie it does fail in one major way it does not stand on its own the plot is a <UNK> that is <UNK> symbolism with substance here's an idea start with a definite story then craft symbolism around it we start with two different <UNK> this female that is somehow turning human a god that is for some reason being judged but getting one last <UNK> on earth and this mysterious john character who seems to be developing some sort of resort just beyond the <UNK> of the city why none of these questions are answered but do we care no there is no development to want us to empathize with any character in the story the closest we get jill and even then the development is <UNK> at best unfortunately the movie gets caught up in the the whole visually impressive which it is but at the expense of <UNK> development i would love to see this <UNK> by someone who could distance themselves from the material a bit and not have to feel that every image has to be in the picture,while others may that by viewing other works by one will better appreciate this movie it does fail in one major way it does not stand on its own the plot is a that is symbolism with substance here's an idea with a definite story then craft symbolism around it we with two different this female that is somehow turning human a god that is for some reason being judged but getting one last on earth and this mysterious john character who seems to be developing some sort of resort just beyond the of the city why none of these questions are answered but do we care no there is no development to want us to empathize with any character in the story the closest we get jill and even then the development is at best unfortunately the movie gets caught up in the the whole visually impressive which it is but at the expense of development i would love to see this by someone who could distance themselves from the material a bit and not have to feel that every image has to be in the picture,others may viewing works one better appreciate movie fail one major way stand plot symbolism substance here's idea definite story craft symbolism around two different female somehow turning human god reason judged getting one last earth mysterious john character seems developing sort resort beyond city none questions answered care development want us empathize character story closest get jill even development best unfortunately movie gets caught whole visually impressive expense development would love see someone could distance material bit feel every image picture,0
<START> if you like the standard sly flicks that involve over the top action unbelievable stunts unbelievable is not intended to be <UNK> here and retarded dialogue you will love this steaming pile of mountain goat dung i had high hopes based on the trailer i thought that <UNK> was going to be forced in his has been days to <UNK> to smarter people and make an action film that would place a credible hero in a credible situation where the story setting and believable action would <UNK> i <UNK> action that is at least close enough to reality that you can imagine the fear and excitement that would come from such an event my limited knowledge of <UNK> and its effects rendered at least one scene laughably ridiculous judge <UNK> is only better because you know going into the theater that you are going to see a comic book made into a movie the character setting and everything else are beyond comparison to anything we might encounter ourselves cliffhanger on the other hand turns a mountain climbing guide into rambo before you can say <UNK> adrian,if you like the standard sly flicks that involve over the top action unbelievable stunts unbelievable is not intended to be here and retarded dialogue you will love this steaming pile of mountain goat dung i had high hopes based on the trailer i thought that was going to be forced in his has been days to to smarter people and make an action film that would place a credible hero in a credible situation where the story setting and believable action would i action that is at least close enough to reality that you can imagine the fear and excitement that would come from such an event my limited knowledge of and its effects rendered at least one scene laughably ridiculous judge is only better because you know going into the theater that you are going to see a comic book made into a movie the character setting and everything else are beyond comparison to anything we might encounter ourselves cliffhanger on the other hand turns a mountain climbing guide into rambo before you can say adrian,like standard sly flicks involve top action unbelievable stunts unbelievable intended retarded dialogue love steaming pile mountain goat dung high hopes based trailer thought going forced days smarter people make action film would place credible hero credible situation story setting believable action would action least close enough reality imagine fear excitement would come event limited knowledge effects rendered least one scene laughably ridiculous judge better know going theater going see comic book made movie character setting everything else beyond comparison anything might encounter cliffhanger hand turns mountain climbing guide rambo say adrian,0
<START> feeding the masses was just another movie trying to make a little money off of the zombie <UNK> that is going around mostly due to the popularity of movies such as land of the dead and the resident evil series br br it starts at a television station which is <UNK> by the military and are <UNK> that the <UNK> virus zombies are close to <UNK> and the city will soon be free to do their business again the problem is this is totally false zombies are running <UNK> and only a small minority of people are aware among them are torch william <UNK> the camera man <UNK> <UNK> morris the lead anchor woman who for some reason is listed as playing <UNK> on this website and roger patrick cohen their military <UNK> torch and <UNK> are against lying to the people but the station is being run by secret service or some other government agency and they are heavily <UNK> br br this movie gives itself a pat on the back on the box cover saying we hold feeding the masses on a higher level than any o the three <UNK> the <UNK> films by george a <UNK> the source of that quote has lost all credibility with me br br let me just say that this movie is bad i don't mean bad like i was expecting more i obviously was though but i mean bad in that i could not find any redeeming qualities in the film whatsoever the acting in all parts are either over done or too wooden did anybody remember their lines or are they reading off of cue cards i can't even think of what the best part of the movie was or the best actor actress there really was not one if i had to give a nod to someone i would say roger the military <UNK> was probably the most interesting character but that is really not saying much br br i would have to recommend to pass on this movie despite the box cover looking pretty good it's what originally drew me to the movie 3 10,feeding the masses was just another movie trying to make a little money off of the zombie that is going around mostly due to the popularity of movies such as land of the dead and the resident evil series br br it starts at a television station which is by the military and are that the virus zombies are close to and the city will soon be free to do their business again the problem is this is totally false zombies are running and only a small minority of people are aware among them are torch william the camera man morris the lead anchor woman who for some reason is listed as playing on this website and roger patrick cohen their military torch and are against lying to the people but the station is being run by secret service or some other government agency and they are heavily br br this movie gives itself a pat on the back on the box cover saying we hold feeding the masses on a higher level than any o the three the films by george a the source of that quote has lost all credibility with me br br let me just say that this movie is bad i don't mean bad like i was expecting more i obviously was though but i mean bad in that i could not find any redeeming qualities in the film whatsoever the acting in all parts are either over done or too wooden did anybody remember their lines or are they reading off of cue cards i can't even think of what the best part of the movie was or the best actor actress there really was not one if i had to give a nod to someone i would say roger the military was probably the most interesting character but that is really not saying much br br i would have to recommend to pass on this movie despite the box cover looking pretty good it's what originally drew me to the movie,feeding masses another movie trying make little money zombie going around mostly due popularity movies land dead resident evil series br br starts television station military virus zombies close city soon free business problem totally false zombies running small minority people aware among torch william camera man morris lead anchor woman reason listed playing website roger patrick cohen military torch lying people station run secret service government agency heavily br br movie gives pat back box cover saying hold feeding masses higher level three films george source quote lost credibility br br let say movie bad mean bad like expecting obviously though mean bad could find redeeming qualities film whatsoever acting parts either done wooden anybody remember lines reading cue cards can't even think best part movie best actor actress really one give nod someone would say roger military probably interesting character really saying much br br would recommend pass movie despite box cover looking pretty good originally drew movie,0
<START> i must say that looking at hamlet from the perspective of a student <UNK> version of hamlet is by far the best his dedication to stay true to the original text should be <UNK> it helps the play come to life on screen and makes it easier for people holding the text while watching as we did while studying it to follow and analyze the text br br one of the things i have heard criticized many times is the casting of major hollywood names in the play i find that this helps viewers recognize the characters easier as opposed to having actors that all look and sound the same that aid in the confusion normally associated with shakespeare br br also his flashbacks help to clear up many <UNK> in the text such as how far the relationship between hamlet and <UNK> really went and why <UNK> just happened to be at the castle at the end all in all not only does this version contain some brilliant performances by actors both familiar and not familiar with shakespeare it is presented in a way that one does not have to be an english literature <UNK> d to understand and enjoy it,i must say that looking at hamlet from the perspective of a student version of hamlet is by far the best his dedication to stay true to the original text should be it helps the play come to life on screen and makes it easier for people holding the text while watching as we did while studying it to follow and analyze the text br br one of the things i have heard criticized many times is the casting of major hollywood names in the play i find that this helps viewers recognize the characters easier as opposed to having actors that all look and sound the same that aid in the confusion normally associated with shakespeare br br also his flashbacks help to clear up many in the text such as how far the relationship between hamlet and really went and why just happened to be at the castle at the end all in all not only does this version contain some brilliant performances by actors both familiar and not familiar with shakespeare it is presented in a way that one does not have to be an english literature d to understand and enjoy it,must say looking hamlet perspective student version hamlet far best dedication stay true original text helps play come life screen makes easier people holding text watching studying follow analyze text br br one things heard criticized many times casting major hollywood names play find helps viewers recognize characters easier opposed actors look sound aid confusion normally associated shakespeare br br also flashbacks help clear many text far relationship hamlet really went happened castle end version contain brilliant performances actors familiar familiar shakespeare presented way one english literature understand enjoy,1
<START> i found the film a bit predictable and boring but i am 14 br br i was really annoyed with my little cousin as she was very hyper that day so i saw a film on the disney channel and put it on and told her to watch it br br she is 6 and she loved the film some bits she didn't get like the ending but i didn't get that either y was eddie the star of the video shoot i thought it was <UNK> video but she did enjoy it br br i noticed the mistakes such as at the end jordan was not actually playing the guitar but she never br br it is definitely a film for if you are seriously bored or 10 and under br br it <UNK> my cousin down well br br although all she did was sing for the rest of the day then,i found the film a bit predictable and boring but i am br br i was really annoyed with my little cousin as she was very hyper that day so i saw a film on the disney channel and put it on and told her to watch it br br she is and she loved the film some bits she didn't get like the ending but i didn't get that either y was eddie the star of the video shoot i thought it was video but she did enjoy it br br i noticed the mistakes such as at the end jordan was not actually playing the guitar but she never br br it is definitely a film for if you are seriously bored or and under br br it my cousin down well br br although all she did was sing for the rest of the day then,found film bit predictable boring br br really annoyed little cousin hyper day saw film disney channel put told watch br br loved film bits get like ending get either eddie star video shoot thought video enjoy br br noticed mistakes end jordan actually playing guitar never br br definitely film seriously bored br br cousin well br br although sing rest day,0
<START> a rare exception to the rule that great literature makes disappointing films john <UNK> beautiful farewell to life and the movies is almost entirely true to the narrative and the spirit of james <UNK> short story a tender <UNK> on love death and time expressed in the events of a <UNK> night party in middle class <UNK> circa <UNK> <UNK> as the material might appear the film succeeds by its <UNK> to tell the story on its own quiet apparently <UNK> terms rather than force a conventional cinematic shape of plot points and dramatic incidents upon it only once is the wrong note struck when old miss julia a trained singer and music teacher whose voice is supposed to have been <UNK> by age not <UNK> sings so badly that the audience burst out laughing when i saw this at the cinema fortunately the mood of <UNK> and gentle melancholy is re established in plenty of time for the moment of revelation between the married couple gabriel and <UNK> <UNK> in a hotel bedroom as snow begins to fall outside it's a sad story i suppose but the kind that leaves you feeling better not blue especially recommended as a date movie for people in love who aren't frightened of confronting the <UNK> and sadness of life,a rare exception to the rule that great literature makes disappointing films john beautiful farewell to life and the movies is almost entirely true to the narrative and the spirit of james short story a tender on love death and time expressed in the events of a night party in middle class circa as the material might appear the film succeeds by its to tell the story on its own quiet apparently terms rather than force a conventional cinematic shape of plot points and dramatic incidents upon it only once is the wrong note struck when old miss julia a trained singer and music teacher whose voice is supposed to have been by age not sings so badly that the audience burst out laughing when i saw this at the cinema fortunately the mood of and gentle melancholy is re established in plenty of time for the moment of revelation between the married couple gabriel and in a hotel bedroom as snow begins to fall outside it's a sad story i suppose but the kind that leaves you feeling better not blue especially recommended as a date movie for people in love who aren't frightened of confronting the and sadness of life,rare exception rule great literature makes disappointing films john beautiful farewell life movies almost entirely true narrative spirit james short story tender love death time expressed events night party middle class circa material might appear film succeeds tell story quiet apparently terms rather force conventional cinematic shape plot points dramatic incidents upon wrong note struck old miss julia trained singer music teacher whose voice supposed age sings badly audience burst laughing saw cinema fortunately mood gentle melancholy established plenty time moment revelation married couple gabriel hotel bedroom snow begins fall outside sad story suppose kind leaves feeling better blue especially recommended date movie people love frightened confronting sadness life,1
<START> <UNK> space prisoner on space death row manages to <UNK> a space <UNK> and escape to the woods of america where he along with some new found friend try to escape from the <UNK> a female cyborg killing machine made one year after the best movie of fred <UNK> <UNK> career hollywood chainsaw <UNK> this one can't help but feel like a bit of a letdown just as low budget as that earlier film but not nearly as fun as i had with it none of the actors really stood out at me the film is alright for the <UNK> viewer during a rainy saturday afternoon but that's pretty much all it's good for br br my grade d br br where i saw it showtime thriller,space prisoner on space death row manages to a space and escape to the woods of america where he along with some new found friend try to escape from the a female cyborg killing machine made one year after the best movie of fred career hollywood chainsaw this one can't help but feel like a bit of a letdown just as low budget as that earlier film but not nearly as fun as i had with it none of the actors really stood out at me the film is alright for the viewer during a rainy saturday afternoon but that's pretty much all it's good for br br my grade d br br where i saw it showtime thriller,space prisoner space death row manages space escape woods america along new found friend try escape female cyborg killing machine made one year best movie fred career hollywood chainsaw one can't help feel like bit letdown low budget earlier film nearly fun none actors really stood film alright viewer rainy saturday afternoon that's pretty much good br br grade br br saw showtime thriller,0
<START> i'm a huge space buff and at nearly <UNK> i've just discovered this flick for the first time i came at it in a <UNK> way from space 1999 then <UNK> i went hunting for other anderson creations and found this was their first live action work what a home run i actually heard about this movie many years ago but never knew what it was called so i'm happy to have found it by accident br br these <UNK> were nothing short of amazing in their writing the execution of the completely believable and realistic looking models the quality of acting etc br br i don't think it looks dated at all let me tell you i'll take good old models over the fake looking cgi crap of today any time seriously most of the rocket scenes looked pretty real they had it down to a science if you choose to think of what you are looking at as real it isn't hard to actually believe it br br also the amount of detail in set designs the beautiful photography the whole look man i wish i could go back to that time they knew how to make great movies in the 60's personally i've lost all interest in hollywood movies today anybody with a budget can do cgi i hate it bring back the models think of all the people that style employed anyway i am <UNK> if you like good sci fi that's very well done you will do yourself a service by watching this,i'm a huge space buff and at nearly i've just discovered this flick for the first time i came at it in a way from space then i went hunting for other anderson creations and found this was their first live action work what a home run i actually heard about this movie many years ago but never knew what it was called so i'm happy to have found it by accident br br these were nothing short of amazing in their writing the execution of the completely believable and realistic looking models the quality of acting etc br br i don't think it looks dated at all let me tell you i'll take good old models over the fake looking cgi crap of today any time seriously most of the rocket scenes looked pretty real they had it down to a science if you choose to think of what you are looking at as real it isn't hard to actually believe it br br also the amount of detail in set designs the beautiful photography the whole look man i wish i could go back to that time they knew how to make great movies in the 's personally i've lost all interest in hollywood movies today anybody with a budget can do cgi i hate it bring back the models think of all the people that style employed anyway i am if you like good sci fi that's very well done you will do yourself a service by watching this,huge space buff nearly discovered flick first time came way space went hunting anderson creations found first live action work home run actually heard movie many years ago never knew called happy found accident br br nothing short amazing writing execution completely believable realistic looking models quality acting etc br br think looks dated let tell take good old models fake looking cgi crap today time seriously rocket scenes looked pretty real science choose think looking real hard actually believe br br also amount detail set designs beautiful photography whole look man wish could go back time knew make great movies 's personally lost interest hollywood movies today anybody budget cgi hate bring back models think people style employed anyway like good sci fi that's well done service watching,1
<START> normally i dont have a problem with gratuitous swearing in films but this one really annoyed me all they did was swear for the whole film and as someone else noted get cancer it was boring rambling and pretentious i <UNK> if i were you br br its also not that i dont like films which as most people who like it will claim <UNK> <UNK> i love eat drink man woman and all that happens in that is that a load of <UNK> people lead their lives but i could relate to them i have never met anyone who <UNK> as much as the <UNK> in this film and i used to work on a construction site so go figure having said that william h macy made me grin once br br 2 10 avoid unless you enjoy tedium,normally i dont have a problem with gratuitous swearing in films but this one really annoyed me all they did was swear for the whole film and as someone else noted get cancer it was boring rambling and pretentious i if i were you br br its also not that i dont like films which as most people who like it will claim i love eat drink man woman and all that happens in that is that a load of people lead their lives but i could relate to them i have never met anyone who as much as the in this film and i used to work on a construction site so go figure having said that william h macy made me grin once br br avoid unless you enjoy tedium,normally dont problem gratuitous swearing films one really annoyed swear whole film someone else noted get cancer boring rambling pretentious br br also dont like films people like claim love eat drink man woman happens load people lead lives could relate never met anyone much film used work construction site go figure said william h macy made grin br br avoid unless enjoy tedium,0
<START> the best of everything is a high <UNK> large screen soap opera which follows the careers of four career women hope lange <UNK> parker diane baker and martha <UNK> at a new york <UNK> firm what's the best for some women is not necessarily the best for all br br <UNK> over this group of young is wise old <UNK> joan crawford who's been around the track a few times on screen and in real life she looks right at home as the boss lady as well she should have at this point br br around the time she was making the best of everything joan crawford became a widow when her fourth husband alfred steele died it was a particularly traumatic event for her she woke up one morning and found him dead in bed next to her she inherited all of his stock in <UNK> <UNK> where he was the board <UNK> and during the same period as the best of everything was being made she wound up the queen <UNK> at <UNK> <UNK> life does sometimes imitate art so that authority as she <UNK> out and coffee orders to hope lange rings real true br br in fact all the women here with the exception of lange are in for some rough <UNK> it's rough for lange too but she literally makes the best of everything br br what a collection of <UNK> the men are in this film the best of them stephen <UNK> is a heavy <UNK> the others louis robert evans and brett <UNK> are as slimy a collection of <UNK> as ever gathered for one film br br i can't forget brian either who's the <UNK> <UNK> head of this <UNK> firm half that office would have sexual <UNK> suits going today br br some nice location shots of new york in the fifties make the film a real treat catch it by all means,the best of everything is a high large screen soap opera which follows the careers of four career women hope lange parker diane baker and martha at a new york firm what's the best for some women is not necessarily the best for all br br over this group of young is wise old joan crawford who's been around the track a few times on screen and in real life she looks right at home as the boss lady as well she should have at this point br br around the time she was making the best of everything joan crawford became a widow when her fourth husband alfred steele died it was a particularly traumatic event for her she woke up one morning and found him dead in bed next to her she inherited all of his stock in where he was the board and during the same period as the best of everything was being made she wound up the queen at life does sometimes imitate art so that authority as she out and coffee orders to hope lange rings real true br br in fact all the women here with the exception of lange are in for some rough it's rough for lange too but she literally makes the best of everything br br what a collection of the men are in this film the best of them stephen is a heavy the others louis robert evans and brett are as slimy a collection of as ever gathered for one film br br i can't forget brian either who's the head of this firm half that office would have sexual suits going today br br some nice location shots of new york in the fifties make the film a real treat catch it by all means,best everything high large screen soap opera follows careers four career women hope lange parker diane baker martha new york firm what's best women necessarily best br br group young wise old joan crawford who's around track times screen real life looks right home boss lady well point br br around time making best everything joan crawford became widow fourth husband alfred steele died particularly traumatic event woke one morning found dead bed next inherited stock board period best everything made wound queen life sometimes imitate art authority coffee orders hope lange rings real true br br fact women exception lange rough rough lange literally makes best everything br br collection men film best stephen heavy others louis robert evans brett slimy collection ever gathered one film br br can't forget brian either who's head firm half office would sexual suits going today br br nice location shots new york fifties make film real treat catch means,1
<START> if you've seen other movies like this they're probably better the <UNK> man comes to mind to the <UNK> credit they avoided the <UNK> unnecessary big budget <UNK> that <UNK> movies of this <UNK> additionally the set up and premise were excellent four people whose past is virtually irrelevant to us are trying to get away from an overwhelming <UNK> fatal disease what's bad is everything else i get tired of endlessly stupid <UNK> <UNK> <UNK> arrogant characters in a movie that pretty much describes everyone in the movie at some point i rented it and found myself yelling at the tv repeatedly no don't do that why are you so stupid look out <UNK> a true lack of character development is evident about halfway in a movie should give you a strong personal connection with at least some of the characters so that you actually care what happens to them this one does not also there should have been a longer more involving end to the movie as well,if you've seen other movies like this they're probably better the man comes to mind to the credit they avoided the unnecessary big budget that movies of this additionally the set up and premise were excellent four people whose past is virtually irrelevant to us are trying to get away from an overwhelming fatal disease what's bad is everything else i get tired of endlessly stupid arrogant characters in a movie that pretty much describes everyone in the movie at some point i rented it and found myself yelling at the tv repeatedly no don't do that why are you so stupid look out a true lack of character development is evident about halfway in a movie should give you a strong personal connection with at least some of the characters so that you actually care what happens to them this one does not also there should have been a longer more involving end to the movie as well,seen movies like probably better man comes mind credit avoided unnecessary big budget movies additionally set premise excellent four people whose past virtually irrelevant us trying get away overwhelming fatal disease what's bad everything else get tired endlessly stupid arrogant characters movie pretty much describes everyone movie point rented found yelling tv repeatedly stupid look true lack character development evident halfway movie give strong personal connection least characters actually care happens one also longer involving end movie well,0
<START> a sexually obsessed chef leads a <UNK> life one as a happily married man with a ten year <UNK> child the other as a sex fiend the bulk of the documentary like film follows him for five <UNK> days and is told in flashback with <UNK> kinski as a <UNK> sex <UNK> listening to his story and intelligently <UNK> him <UNK> role is very <UNK> and she is the only principal adult character who does not take off her clothes if she had i would have rated this movie a big fat f as it is it rates an f <UNK> that it is still a failure unless one likes to be bored it is probably a lot more interesting to spend ninety minutes cleaning out the garage diary of a sex addict falls into the category of films that once one has seen it one wishes that one hadn't,a sexually obsessed chef leads a life one as a happily married man with a ten year child the other as a sex fiend the bulk of the documentary like film follows him for five days and is told in flashback with kinski as a sex listening to his story and intelligently him role is very and she is the only principal adult character who does not take off her clothes if she had i would have rated this movie a big fat f as it is it rates an f that it is still a failure unless one likes to be bored it is probably a lot more interesting to spend ninety minutes cleaning out the garage diary of a sex addict falls into the category of films that once one has seen it one wishes that one hadn't,sexually obsessed chef leads life one happily married man ten year child sex fiend bulk documentary like film follows five days told flashback kinski sex listening story intelligently role principal adult character take clothes would rated movie big fat f rates f still failure unless one likes bored probably lot interesting spend ninety minutes cleaning garage diary sex addict falls category films one seen one wishes one,0
<START> i have just started watching the tv series what i like about you and i must say that is a joy to watch i always like to see new shows do well considering a lot of shows go off before you really get a feel for them i have watched amanda <UNK> since all that she is truly a funny girl what is the best about her comedy is that its so natural and what i mean about that is its something that a person could here there best friend saying its not <UNK> br br i just recently started watching the show and have fell in love i am just watching re runs as of now but am looking forward to the next season all the characters in the show give something to the whole story line its nice to see some old face from other shows i enjoyed watching in the past such as <UNK> <UNK> from <UNK> leslie <UNK> from popular and wesley jonathan from city guys the new character are very talented as well nick <UNK> has that charm the makes you love him even when he is doing something wrong to holly <UNK> br br overall this show has the right ingredients to be successful i look forward to watching it grow,i have just started watching the tv series what i like about you and i must say that is a joy to watch i always like to see new shows do well considering a lot of shows go off before you really get a feel for them i have watched amanda since all that she is truly a funny girl what is the best about her comedy is that its so natural and what i mean about that is its something that a person could here there best friend saying its not br br i just recently started watching the show and have fell in love i am just watching re runs as of now but am looking forward to the next season all the characters in the show give something to the whole story line its nice to see some old face from other shows i enjoyed watching in the past such as from leslie from popular and wesley jonathan from city guys the new character are very talented as well nick has that charm the makes you love him even when he is doing something wrong to holly br br overall this show has the right ingredients to be successful i look forward to watching it grow,started watching tv series like must say joy watch always like see new shows well considering lot shows go really get feel watched amanda since truly funny girl best comedy natural mean something person could best friend saying br br recently started watching show fell love watching runs looking forward next season characters show give something whole story line nice see old face shows enjoyed watching past leslie popular wesley jonathan city guys new character talented well nick charm makes love even something wrong holly br br overall show right ingredients successful look forward watching grow,1
<START> this is arguably john <UNK> finest performance where he successfully shakes off any traits of his inspector morse character and brings a perfect adaptation of tom from the pages of the book to the tv screen this is a well made production which maintains its family viewing vibe despite some very mature themes like the <UNK> of the second world war and the physical abuse suffered by the child br br however it is the relationship between tom and young willie that is the heart and soul of this story it is touching and beautiful to see this bond between the young boy <UNK> from london and the grumpy old man he is left with develop a real grandfather <UNK> connection br br it is a pity that this story wasn't made with a bigger budget with a more established director as it belongs on the big screen not shown once or twice every ten years on a sunday afternoon given the right <UNK> john <UNK> would be celebrated the world over and <UNK> with many awards for his brilliant performance in this movie a great actor and a great role that should have been <UNK> more than it was at the time,this is arguably john finest performance where he successfully shakes off any traits of his inspector morse character and brings a perfect adaptation of tom from the pages of the book to the tv screen this is a well made production which maintains its family viewing vibe despite some very mature themes like the of the second world war and the physical abuse suffered by the child br br however it is the relationship between tom and young willie that is the heart and soul of this story it is touching and beautiful to see this bond between the young boy from london and the grumpy old man he is left with develop a real grandfather connection br br it is a pity that this story wasn't made with a bigger budget with a more established director as it belongs on the big screen not shown once or twice every ten years on a sunday afternoon given the right john would be celebrated the world over and with many awards for his brilliant performance in this movie a great actor and a great role that should have been more than it was at the time,arguably john finest performance successfully shakes traits inspector morse character brings perfect adaptation tom pages book tv screen well made production maintains family viewing vibe despite mature themes like second world war physical abuse suffered child br br however relationship tom young willie heart soul story touching beautiful see bond young boy london grumpy old man left develop real grandfather connection br br pity story made bigger budget established director belongs big screen shown twice every ten years sunday afternoon given right john would celebrated world many awards brilliant performance movie great actor great role time,1
<START> this movie was fun especially if your between 8 and 15 frankie and amanda <UNK> make a believable team of <UNK> <UNK> getting back at an adult who really deserves it paul <UNK> makes a great adult who you really want to <UNK> my 13 year old daughter and her friend loved it parents no really bad words or any sex to worry about recommend it for the <UNK> crowd <UNK>,this movie was fun especially if your between and frankie and amanda make a believable team of getting back at an adult who really deserves it paul makes a great adult who you really want to my year old daughter and her friend loved it parents no really bad words or any sex to worry about recommend it for the crowd,movie fun especially frankie amanda make believable team getting back adult really deserves paul makes great adult really want year old daughter friend loved parents really bad words sex worry recommend crowd,1
<START> i almost stopped watching hindi movies because of the mediocre quality and story lines one exception for this is <UNK> <UNK> movies this is a nice movie with great performances from the star cast this is must see movie for those who are sick of watching stupid dancing and love stories the adaptation of the story and characterization was exceptional good you should watch this movie for <UNK> <UNK> based on the life of <UNK> cop this movie deals in a more realistic way the film <UNK> into the life of the common man which he has apart from being an encounter <UNK> i rate this as one of the best movie of the year,i almost stopped watching hindi movies because of the mediocre quality and story lines one exception for this is movies this is a nice movie with great performances from the star cast this is must see movie for those who are sick of watching stupid dancing and love stories the adaptation of the story and characterization was exceptional good you should watch this movie for based on the life of cop this movie deals in a more realistic way the film into the life of the common man which he has apart from being an encounter i rate this as one of the best movie of the year,almost stopped watching hindi movies mediocre quality story lines one exception movies nice movie great performances star cast must see movie sick watching stupid dancing love stories adaptation story characterization exceptional good watch movie based life cop movie deals realistic way film life common man apart encounter rate one best movie year,1
<START> this movie is the first time movie experience for several people in the cast all of them are experienced actors and have played in several tv series and plays <UNK> <UNK> is a well known comedian in turkey it's kind of strange to see him in a thriller while he is at the peak of his comedy career in turkey this movie is <UNK> <UNK> first long shot and pretty much the first experience as a director but they all did a good job we are happy to see such enthusiastic young cast they seem very promising for the future of the turkish film industry <UNK> <UNK> being long time sweetheart of <UNK> <UNK> is also a talented actress who is known for her recent play in number 27 theatrical play and several tv series,this movie is the first time movie experience for several people in the cast all of them are experienced actors and have played in several tv series and plays is a well known comedian in turkey it's kind of strange to see him in a thriller while he is at the peak of his comedy career in turkey this movie is first long shot and pretty much the first experience as a director but they all did a good job we are happy to see such enthusiastic young cast they seem very promising for the future of the turkish film industry being long time sweetheart of is also a talented actress who is known for her recent play in number theatrical play and several tv series,movie first time movie experience several people cast experienced actors played several tv series plays well known comedian turkey kind strange see thriller peak comedy career turkey movie first long shot pretty much first experience director good job happy see enthusiastic young cast seem promising future turkish film industry long time sweetheart also talented actress known recent play number theatrical play several tv series,1
